MACH,ALPHA_DEG,BETA_DEG,DELTA_ELEVON_L,DELTA_ELEVON_R,DELTA_RUDDER,CA,CN,CY,CLL,CM,CLN,XCP,ZCP
1.35,-5.0,0.0,0.0,0.0,0,0.037902122132,-0.04272656496753,0.0,0.0,0.00521308007913,0.0,0,0
1.35,0.0,0.0,0.0,0.0,0,0.044819072791,0.0712940371726,0.0,0.0,-0.00343230342323,0.0,0,0
1.35,5.0,0.0,0.0,0.0,0,0.0557332305559999,0.2238802967085201,0.0,0.0,-0.014053444136597,0.0,0,0
1.35,10.0,0.0,0.0,0.0,0,0.0700597468678997,0.3944418674919995,0.0,0.0,-0.02146470946981,0.0,0,0
1.35,0.0,2.0,0.0,0.0,0,0.0438913354582148,0.0713550921332,0.0,0.0014130532212508,-0.00324755801231,0.0109359429974657,0,0
1.35,-5.0,2.0,0.0,0.0,0,0.0370756455568437,-0.0438521548799344,0.0,0.0034948414676886,0.00548883899235,0.0130564882408794,0,0
1.35,5.0,2.0,0.0,0.0,0,0.0550318361002177,0.225236587964267,0.0,-0.0015829471214485,-0.01426242902037,0.0092932752061653,0,0
1.35,10.0,2.0,0.0,0.0,0,0.0697615108847705,0.3971025922520761,0.0,-0.0037336376249383,-0.0224316626606485,0.0107135980573436,0,0
1.35,-10.0,0.0,0.0,0.0,0,0.0301922841809,-0.1716590167352396,0.0,0.0,0.01527847696023,0.0,0,0
1.35,-5.0,4.0,0.0,0.0,0,0.0341997678773305,-0.0467901791271348,0.0,0.0071474448067408,0.006219382478385,0.0258907090606698,0,0
1.35,0.0,4.0,0.0,0.0,0,0.0412425505636704,0.0718971083485,0.0,0.0025721073435806,-0.00299950041809,0.023827994870925,0,0
1.35,5.0,4.0,0.0,0.0,0,0.0524953661518256,0.2276375271809476,0.0,-0.003340369520058,-0.01449414902445,0.0227328814593802,0,0
1.35,10.0,4.0,0.0,0.0,0,0.0671862198842438,0.401239663946269,0.0,-0.0088645538017862,-0.0235210515,0.0236482931491936,0,0
1.35,-10.0,4.0,0.0,0.0,0,0.0254990998615548,-0.1736930498011723,0.0,0.013713185641129,0.016177358,0.0317942164072581,0,0
1.35,-10.0,2.0,0.0,0.0,0,0.0290303595834497,-0.1721645324641,0.0,0.0067585374019811,0.0154819265,0.0163104403225806,0,0
2.0,0.0,0.0,0.0,0.0,0,0.03432,0.07113,0.0,0.0,-0.00403,0.0,0,0
2.0,5.0,0.0,0.0,0.0,0,0.0425215282538065,0.1988426516996812,0.0,0.0,0.0,0.0,0,0
2.0,-6.0,-8.0,0.0,0.0,0,0.0235909443068414,-0.0493361939882256,0.0888,-0.0136,0.0055,-0.0435,0,0
2.0,-4.0,-8.0,0.0,0.0,0,0.0248030668551254,-0.0115583299927961,0.0775,-0.0061,0.0013,-0.0383,0,0
2.0,-2.0,-8.0,0.0,0.0,0,0.0272474252027726,0.0311680653172425,0.0709,-0.0041,-0.0025,-0.0356,0,0
2.0,0.0,-8.0,0.0,0.0,0,0.0304012297103662,0.0782,0.0671,-0.0016,-0.006,-0.0342,0,0
2.0,2.0,-8.0,0.0,0.0,0,0.0338468529169231,0.1288597360012626,0.0649,0.0022,-0.0092,-0.0336,0,0
2.0,4.0,-8.0,0.0,0.0,0,0.0374851446751915,0.1822588047985234,0.0632,0.006,-0.0123,-0.0332,0,0
2.0,6.0,-8.0,0.0,0.0,0,0.0412310215726394,0.237712026678307,0.0617,0.0091,-0.0149,-0.0332,0,0
2.0,8.0,-8.0,0.0,0.0,0,0.0449084391657357,0.2945162587223476,0.0601,0.0119,-0.017,-0.0338,0,0
2.0,10.0,-8.0,0.0,0.0,0,0.0487765645651926,0.3518148191764937,0.059,0.0155,-0.0183,-0.0359,0,0
2.0,12.0,-8.0,0.0,0.0,0,0.0531044422437858,0.4088759549957533,0.0589,0.0195,-0.0183,-0.0405,0,0
2.0,14.0,-8.0,0.0,0.0,0,0.0580329702362292,0.4651565846827672,0.0,0.0,-0.0168,0.0,0,0
2.0,16.0,-8.0,0.0,0.0,0,0.0641599307413864,0.5199259221195756,0.0,0.0,-0.0131,0.0,0,0
2.0,-6.0,-4.0,0.0,0.0,0,0.0224483811604041,-0.0479089449990439,0.0444,-0.0068,0.0029,-0.0217,0,0
2.0,-4.0,-4.0,0.0,0.0,0,0.0241301022500121,-0.0110100507743691,0.0388,-0.003,0.0007,-0.0191,0,0
2.0,-2.0,-4.0,0.0,0.0,0,0.0268347680636068,0.0309823537132186,0.0354,-0.002,-0.0019,-0.0178,0,0
2.0,0.0,-4.0,0.0,0.0,0,0.0300266779128207,0.0774,0.0336,-0.0008,-0.0047,-0.0171,0,0
2.0,2.0,-4.0,0.0,0.0,0,0.033380329605385,0.1274425912862195,0.0324,0.0011,-0.0077,-0.0168,0,0
2.0,4.0,-4.0,0.0,0.0,0,0.0369978009573319,0.1802198426098504,0.0316,0.003,-0.0107,-0.0166,0,0
2.0,6.0,-4.0,0.0,0.0,0,0.0405754757674389,0.2352299061668173,0.0308,0.0046,-0.0136,-0.0166,0,0
2.0,8.0,-4.0,0.0,0.0,0,0.0444537729809114,0.2915238595969175,0.0301,0.006,-0.0163,-0.0169,0,0
2.0,10.0,-4.0,0.0,0.0,0,0.0485695517901622,0.3484274094196815,0.0295,0.0077,-0.0186,-0.0179,0,0
2.0,12.0,-4.0,0.0,0.0,0,0.0533762614320217,0.4052533058062865,0.0294,0.0097,-0.0205,-0.0202,0,0
2.0,14.0,-4.0,0.0,0.0,0,0.0592881482948083,0.4615532039297957,0.0,0.0,-0.0219,0.0,0,0
2.0,16.0,-4.0,0.0,0.0,0,0.0668101351222591,0.5165246582536622,0.0,0.0,-0.0227,0.0,0,0
2.0,-6.0,-2.0,0.0,0.0,0,0.0221424056058011,-0.047474582360542,0.0222,-0.0034,0.0022,-0.0109,0,0
2.0,-4.0,-2.0,0.0,0.0,0,0.0239900382104124,-0.0107997681629958,0.0194,-0.0015,0.0006,-0.0096,0,0
2.0,-2.0,-2.0,0.0,0.0,0,0.0266821137881355,0.0309876845179843,0.0177,-0.001,-0.0017,-0.0089,0,0
2.0,0.0,-2.0,0.0,0.0,0,0.0298817857278709,0.0772,0.0168,-0.0004,-0.0044,-0.0086,0,0
2.0,2.0,-2.0,0.0,0.0,0,0.033363603864736,0.1270417633927662,0.0162,0.0006,-0.0073,-0.0084,0,0
2.0,4.0,-2.0,0.0,0.0,0,0.0368239796962617,0.1797064668941752,0.0158,0.0015,-0.0103,-0.0083,0,0
2.0,6.0,-2.0,0.0,0.0,0,0.0404687425673525,0.2345148322597504,0.0154,0.0023,-0.0133,-0.0083,0,0
2.0,8.0,-2.0,0.0,0.0,0,0.0443226486212058,0.2906975692119398,0.015,0.003,-0.0161,-0.0085,0,0
2.0,10.0,-2.0,0.0,0.0,0,0.0485101611956298,0.3476045959659565,0.0147,0.0039,-0.0187,-0.009,0,0
2.0,12.0,-2.0,0.0,0.0,0,0.0535145585110732,0.4043625952225202,0.0147,0.0049,-0.0211,-0.0101,0,0
2.0,14.0,-2.0,0.0,0.0,0,0.0596367475812726,0.4606095058643325,0.0,0.0,-0.0232,0.0,0,0
2.0,16.0,-2.0,0.0,0.0,0,0.0674494422579523,0.5156676771890434,0.0,0.0,-0.0251,0.0,0,0
2.0,-6.0,0.0,0.0,0.0,0,0.0220697638310156,-0.0473663965743985,0.0,0.0,0.002,0.0,0,0
2.0,-4.0,0.0,0.0,0.0,0,0.0239052917253201,-0.0107938421114698,0.0,0.0,0.0005,0.0,0,0
2.0,-2.0,0.0,0.0,0.0,0,0.0266976991164986,0.0309871402663251,0.0,0.0,-0.0017,0.0,0,0
2.0,2.0,0.0,0.0,0.0,0,0.0332901674431155,0.1269391379819846,0.0,0.0,-0.0072,0.0,0,0
2.0,4.0,0.0,0.0,0.0,0,0.0367611580095708,0.1796018297840959,0.0,0.0,-0.0102,0.0,0,0
2.0,6.0,0.0,0.0,0.0,0,0.0404294542346881,0.2343096012336781,0.0,0.0,-0.0132,0.0,0,0
2.0,8.0,0.0,0.0,0.0,0,0.0443023702746559,0.2904927537616856,0.0,0.0,-0.0161,0.0,0,0
2.0,10.0,0.0,0.0,0.0,0,0.0485286860309317,0.3473032344106677,0.0,0.0,-0.0188,0.0,0,0
2.0,12.0,0.0,0.0,0.0,0,0.0535604522969897,0.4040656480693971,0.0,0.0,-0.0213,0.0,0,0
2.0,14.0,0.0,0.0,0.0,0,0.0597124231803498,0.4603191898215094,0.0,0.0,-0.0236,0.0,0,0
2.0,16.0,0.0,0.0,0.0,0,0.0676809697108623,0.5153179468434972,0.0,0.0,-0.0259,0.0,0,0
2.0,-6.0,2.0,0.0,0.0,0,0.0221424056058011,-0.047474582360542,-0.0222,0.0034,0.0022,0.0109,0,0
2.0,-4.0,2.0,0.0,0.0,0,0.0239900382104124,-0.0107997681629958,-0.0194,0.0015,0.0006,0.0096,0,0
2.0,-2.0,2.0,0.0,0.0,0,0.0266821137881355,0.0309876845179843,-0.0177,0.001,-0.0017,0.0089,0,0
2.0,0.0,2.0,0.0,0.0,0,0.0298817857278709,0.0772,-0.0168,0.0004,-0.0044,0.0086,0,0
2.0,2.0,2.0,0.0,0.0,0,0.033363603864736,0.1270417633927662,-0.0162,-0.0006,-0.0073,0.0084,0,0
2.0,4.0,2.0,0.0,0.0,0,0.0368239796962617,0.1797064668941752,-0.0158,-0.0015,-0.0103,0.0083,0,0
2.0,6.0,2.0,0.0,0.0,0,0.0404687425673525,0.2345148322597504,-0.0154,-0.0023,-0.0133,0.0083,0,0
2.0,8.0,2.0,0.0,0.0,0,0.0443226486212058,0.2906975692119398,-0.015,-0.003,-0.0161,0.0085,0,0
2.0,10.0,2.0,0.0,0.0,0,0.0485101611956298,0.3476045959659565,-0.0147,-0.0039,-0.0187,0.009,0,0
2.0,12.0,2.0,0.0,0.0,0,0.0535145585110732,0.4043625952225202,-0.0147,-0.0049,-0.0211,0.0101,0,0
2.0,14.0,2.0,0.0,0.0,0,0.0596367475812726,0.4606095058643325,0.0,0.0,-0.0232,0.0,0,0
2.0,16.0,2.0,0.0,0.0,0,0.0674494422579523,0.5156676771890434,0.0,0.0,-0.0251,0.0,0,0
2.0,-6.0,4.0,0.0,0.0,0,0.0224483811604041,-0.0479089449990439,-0.0444,0.0068,0.0029,0.0217,0,0
2.0,-4.0,4.0,0.0,0.0,0,0.0241301022500121,-0.0110100507743691,-0.0388,0.003,0.0007,0.0191,0,0
2.0,-2.0,4.0,0.0,0.0,0,0.0268347680636068,0.0309823537132186,-0.0354,0.002,-0.0019,0.0178,0,0
2.0,0.0,4.0,0.0,0.0,0,0.0300266779128207,0.0774,-0.0336,0.0008,-0.0047,0.0171,0,0
2.0,2.0,4.0,0.0,0.0,0,0.033380329605385,0.1274425912862195,-0.0324,-0.0011,-0.0077,0.0168,0,0
2.0,4.0,4.0,0.0,0.0,0,0.0369978009573319,0.1802198426098504,-0.0316,-0.003,-0.0107,0.0166,0,0
2.0,6.0,4.0,0.0,0.0,0,0.0405754757674389,0.2352299061668173,-0.0308,-0.0046,-0.0136,0.0166,0,0
2.0,8.0,4.0,0.0,0.0,0,0.0444537729809114,0.2915238595969175,-0.0301,-0.006,-0.0163,0.0169,0,0
2.0,10.0,4.0,0.0,0.0,0,0.0485695517901622,0.3484274094196815,-0.0295,-0.0077,-0.0186,0.0179,0,0
2.0,12.0,4.0,0.0,0.0,0,0.0533762614320217,0.4052533058062865,-0.0294,-0.0097,-0.0205,0.0202,0,0
2.0,14.0,4.0,0.0,0.0,0,0.0592881482948083,0.4615532039297957,0.0,0.0,-0.0219,0.0,0,0
2.0,16.0,4.0,0.0,0.0,0,0.0668101351222591,0.5165246582536622,0.0,0.0,-0.0227,0.0,0,0
2.0,-6.0,8.0,0.0,0.0,0,0.0235909443068414,-0.0493361939882256,-0.0888,0.0136,0.0055,0.0435,0,0
2.0,-4.0,8.0,0.0,0.0,0,0.0248030668551254,-0.0115583299927961,-0.0775,0.0061,0.0013,0.0383,0,0
2.0,-2.0,8.0,0.0,0.0,0,0.0272474252027726,0.0311680653172425,-0.0709,0.0041,-0.0025,0.0356,0,0
2.0,0.0,8.0,0.0,0.0,0,0.0304012297103662,0.0782,-0.0671,0.0016,-0.006,0.0342,0,0
2.0,2.0,8.0,0.0,0.0,0,0.0338468529169231,0.1288597360012626,-0.0649,-0.0022,-0.0092,0.0336,0,0
2.0,4.0,8.0,0.0,0.0,0,0.0374851446751915,0.1822588047985234,-0.0632,-0.006,-0.0123,0.0332,0,0
2.0,6.0,8.0,0.0,0.0,0,0.0412310215726394,0.237712026678307,-0.0617,-0.0091,-0.0149,0.0332,0,0
2.0,8.0,8.0,0.0,0.0,0,0.0449084391657357,0.2945162587223476,-0.0601,-0.0119,-0.017,0.0338,0,0
2.0,10.0,8.0,0.0,0.0,0,0.0487765645651926,0.3518148191764937,-0.059,-0.0155,-0.0183,0.0359,0,0
2.0,12.0,8.0,0.0,0.0,0,0.0531044422437858,0.4088759549957533,-0.0589,-0.0195,-0.0183,0.0405,0,0
2.0,14.0,8.0,0.0,0.0,0,0.0580329702362292,0.4651565846827672,0.0,0.0,-0.0168,0.0,0,0
2.0,16.0,8.0,0.0,0.0,0,0.0641599307413864,0.5199259221195756,0.0,0.0,-0.0131,0.0,0,0
3.0,-6.0,-8.0,0.0,0.0,0,0.0145517894182507,-0.0415486842251803,0.0776,-0.0118,0.0022,-0.0374,0,0
3.0,-4.0,-8.0,0.0,0.0,0,0.0160577265012088,-0.0074382495792017,0.0698,-0.0062,0.0005,-0.0352,0,0
3.0,-2.0,-8.0,0.0,0.0,0,0.0180447902294554,0.0286877216878257,0.0639,-0.0034,-0.0013,-0.0326,0,0
3.0,0.0,-8.0,0.0,0.0,0,0.0203004954092021,0.0667,0.0594,-0.001,-0.0032,-0.0305,0,0
3.0,2.0,-8.0,0.0,0.0,0,0.0228341404868441,0.1065618145888687,0.0556,0.0018,-0.0051,-0.0294,0,0
3.0,4.0,-8.0,0.0,0.0,0,0.0255829113637168,0.1480452043619411,0.0525,0.0047,-0.007,-0.0295,0,0
3.0,6.0,-8.0,0.0,0.0,0,0.0284045920953575,0.1911160420365499,0.0497,0.0076,-0.0088,-0.0307,0,0
3.0,8.0,-8.0,0.0,0.0,0,0.0314920299690487,0.2355754475278345,0.0474,0.0106,-0.0106,-0.0325,0,0
3.0,10.0,-8.0,0.0,0.0,0,0.0347452450865279,0.2814086786423085,0.0459,0.0132,-0.0124,-0.0341,0,0
3.0,12.0,-8.0,0.0,0.0,0,0.0383107735006381,0.3284425146614283,0.0455,0.0141,-0.0143,-0.0344,0,0
3.0,14.0,-8.0,0.0,0.0,0,0.0421268387266098,0.3766804230738212,0.0,0.0,-0.0164,0.0,0,0
3.0,16.0,-8.0,0.0,0.0,0,0.0463866074056216,0.4259879318408649,0.0,0.0,-0.0189,0.0,0,0
3.0,-6.0,-4.0,0.0,0.0,0,0.0134156959758172,-0.0403232168852031,0.0388,-0.0059,0.002,-0.0187,0,0
3.0,-4.0,-4.0,0.0,0.0,0,0.0151195033884683,-0.0068714216789954,0.0349,-0.0031,0.0003,-0.0176,0,0
3.0,-2.0,-4.0,0.0,0.0,0,0.0171802282040614,0.0289180347678855,0.032,-0.0017,-0.0015,-0.0163,0,0
3.0,0.0,-4.0,0.0,0.0,0,0.0195522553850925,0.0666,0.0297,-0.0005,-0.0033,-0.0153,0,0
3.0,2.0,-4.0,0.0,0.0,0,0.0222424584385921,0.1062409697331596,0.0278,0.0009,-0.0051,-0.0147,0,0
3.0,4.0,-4.0,0.0,0.0,0,0.0250781778869555,0.1476089331997976,0.0262,0.0024,-0.007,-0.0148,0,0
3.0,6.0,-4.0,0.0,0.0,0,0.0280269975923323,0.1904730502873308,0.0248,0.0038,-0.0089,-0.0154,0,0
3.0,8.0,-4.0,0.0,0.0,0,0.0312519827175138,0.2349358145432246,0.0237,0.0053,-0.0108,-0.0163,0,0
3.0,10.0,-4.0,0.0,0.0,0,0.0345854640570992,0.2806697063074948,0.0229,0.0066,-0.0127,-0.0171,0,0
3.0,12.0,-4.0,0.0,0.0,0,0.0383610976592503,0.3276353389156598,0.0227,0.0071,-0.0145,-0.0172,0,0
3.0,14.0,-4.0,0.0,0.0,0,0.0423444938037196,0.3757040769501558,0.0,0.0,-0.0164,0.0,0,0
3.0,16.0,-4.0,0.0,0.0,0,0.0468782720483478,0.4249845850290596,0.0,0.0,-0.0181,0.0,0,0
3.0,-6.0,-2.0,0.0,0.0,0,0.0131704019935574,-0.0400963337928697,0.0194,-0.0029,0.002,-0.0094,0,0
3.0,-4.0,-2.0,0.0,0.0,0,0.0148627960732962,-0.0066529825752266,0.0174,-0.0015,0.0003,-0.0088,0,0
3.0,-2.0,-2.0,0.0,0.0,0,0.0170100475548023,0.0289239776071103,0.016,-0.0009,-0.0015,-0.0082,0,0
3.0,0.0,-2.0,0.0,0.0,0,0.0193881820441704,0.0666,0.0148,-0.0002,-0.0033,-0.0076,0,0
3.0,2.0,-2.0,0.0,0.0,0,0.0220936592455783,0.10613571259641,0.0139,0.0004,-0.0051,-0.0074,0,0
3.0,4.0,-2.0,0.0,0.0,0,0.0248505769955025,0.1474927736052546,0.0131,0.0012,-0.007,-0.0074,0,0
3.0,6.0,-2.0,0.0,0.0,0,0.0279256904850926,0.1903618516533411,0.0124,0.0019,-0.0089,-0.0077,0,0
3.0,8.0,-2.0,0.0,0.0,0,0.0310983320070893,0.2347122548296252,0.0119,0.0026,-0.0108,-0.0081,0,0
3.0,10.0,-2.0,0.0,0.0,0,0.0345726711106759,0.2804643652435005,0.0115,0.0033,-0.0127,-0.0085,0,0
3.0,12.0,-2.0,0.0,0.0,0,0.0382986426640309,0.3274175955776439,0.0114,0.0035,-0.0146,-0.0086,0,0
3.0,14.0,-2.0,0.0,0.0,0,0.0424334408133515,0.3755201312045562,0.0,0.0,-0.0163,0.0,0,0
3.0,16.0,-2.0,0.0,0.0,0,0.0470543553423176,0.4247229862703561,0.0,0.0,-0.0179,0.0,0,0
3.0,-6.0,0.0,0.0,0.0,0,0.0130918836108564,-0.0399875303503453,0.0,0.0,0.002,0.0,0,0
3.0,-4.0,0.0,0.0,0.0,0,0.0147723373109822,-0.0066466570823657,0.0,0.0,0.0002,0.0,0,0
3.0,-2.0,0.0,0.0,0.0,0,0.0169198493023274,0.0289271273994935,0.0,0.0,-0.0015,0.0,0,0
3.0,0.0,0.0,0.0,0.0,0,0.0193,0.0666,0.0,0.0,-0.0033,0.0,0,0
3.0,2.0,0.0,0.0,0.0,0,0.0220094272516174,0.106132771150365,0.0,0.0,-0.0051,0.0,0,0
3.0,4.0,0.0,0.0,0.0,0,0.0248788825290984,0.1473945087311712,0.0,0.0,-0.007,0.0,0,0
3.0,6.0,0.0,0.0,0.0,0,0.0278551366664392,0.1903544361481864,0.0,0.0,-0.0089,0.0,0,0
3.0,8.0,0.0,0.0,0.0,0,0.0311366380360987,0.2347176383909163,0.0,0.0,-0.0108,0.0,0,0
3.0,10.0,0.0,0.0,0.0,0,0.0345412283862717,0.2803572783816525,0.0,0.0,-0.0127,0.0,0,0
3.0,12.0,0.0,0.0,0.0,0,0.038284542004112,0.3273123643303677,0.0,0.0,-0.0146,0.0,0,0
3.0,14.0,0.0,0.0,0.0,0,0.0424386848261491,0.3754183773208588,0.0,0.0,-0.0163,0.0,0,0
3.0,16.0,0.0,0.0,0.0,0,0.047080890231911,0.4246265650839226,0.0,0.0,-0.0179,0.0,0,0
3.0,-6.0,2.0,0.0,0.0,0,0.0131704019935574,-0.0400963337928697,-0.0194,0.0029,0.002,0.0094,0,0
3.0,-4.0,2.0,0.0,0.0,0,0.0148627960732962,-0.0066529825752266,-0.0174,0.0015,0.0003,0.0088,0,0
3.0,-2.0,2.0,0.0,0.0,0,0.0170100475548023,0.0289239776071103,-0.016,0.0009,-0.0015,0.0082,0,0
3.0,0.0,2.0,0.0,0.0,0,0.0193881820441704,0.0666,-0.0148,0.0002,-0.0033,0.0076,0,0
3.0,2.0,2.0,0.0,0.0,0,0.0220936592455783,0.10613571259641,-0.0139,-0.0004,-0.0051,0.0074,0,0
3.0,4.0,2.0,0.0,0.0,0,0.0248505769955025,0.1474927736052546,-0.0131,-0.0012,-0.007,0.0074,0,0
3.0,6.0,2.0,0.0,0.0,0,0.0279256904850926,0.1903618516533411,-0.0124,-0.0019,-0.0089,0.0077,0,0
3.0,8.0,2.0,0.0,0.0,0,0.0310983320070893,0.2347122548296252,-0.0119,-0.0026,-0.0108,0.0081,0,0
3.0,10.0,2.0,0.0,0.0,0,0.0345726711106759,0.2804643652435005,-0.0115,-0.0033,-0.0127,0.0085,0,0
3.0,12.0,2.0,0.0,0.0,0,0.0382986426640309,0.3274175955776439,-0.0114,-0.0035,-0.0146,0.0086,0,0
3.0,14.0,2.0,0.0,0.0,0,0.0424334408133515,0.3755201312045562,0.0,0.0,-0.0163,0.0,0,0
3.0,16.0,2.0,0.0,0.0,0,0.0470543553423176,0.4247229862703561,0.0,0.0,-0.0179,0.0,0,0
3.0,-6.0,4.0,0.0,0.0,0,0.0134156959758172,-0.0403232168852031,-0.0388,0.0059,0.002,0.0187,0,0
3.0,-4.0,4.0,0.0,0.0,0,0.0151195033884683,-0.0068714216789954,-0.0349,0.0031,0.0003,0.0176,0,0
3.0,-2.0,4.0,0.0,0.0,0,0.0171802282040614,0.0289180347678855,-0.032,0.0017,-0.0015,0.0163,0,0
3.0,0.0,4.0,0.0,0.0,0,0.0195522553850925,0.0666,-0.0297,0.0005,-0.0033,0.0153,0,0
3.0,2.0,4.0,0.0,0.0,0,0.0222424584385921,0.1062409697331596,-0.0278,-0.0009,-0.0051,0.0147,0,0
3.0,4.0,4.0,0.0,0.0,0,0.0250781778869555,0.1476089331997976,-0.0262,-0.0024,-0.007,0.0148,0,0
3.0,6.0,4.0,0.0,0.0,0,0.0280269975923323,0.1904730502873308,-0.0248,-0.0038,-0.0089,0.0154,0,0
3.0,8.0,4.0,0.0,0.0,0,0.0312519827175138,0.2349358145432246,-0.0237,-0.0053,-0.0108,0.0163,0,0
3.0,10.0,4.0,0.0,0.0,0,0.0345854640570992,0.2806697063074948,-0.0229,-0.0066,-0.0127,0.0171,0,0
3.0,12.0,4.0,0.0,0.0,0,0.0383610976592503,0.3276353389156598,-0.0227,-0.0071,-0.0145,0.0172,0,0
3.0,14.0,4.0,0.0,0.0,0,0.0423444938037196,0.3757040769501558,0.0,0.0,-0.0164,0.0,0,0
3.0,16.0,4.0,0.0,0.0,0,0.0468782720483478,0.4249845850290596,0.0,0.0,-0.0181,0.0,0,0
3.0,-6.0,8.0,0.0,0.0,0,0.0145517894182507,-0.0415486842251803,-0.0776,0.0118,0.0022,0.0374,0,0
3.0,-4.0,8.0,0.0,0.0,0,0.0160577265012088,-0.0074382495792017,-0.0698,0.0062,0.0005,0.0352,0,0
3.0,-2.0,8.0,0.0,0.0,0,0.0180447902294554,0.0286877216878257,-0.0639,0.0034,-0.0013,0.0326,0,0
3.0,0.0,8.0,0.0,0.0,0,0.0203004954092021,0.0667,-0.0594,0.001,-0.0032,0.0305,0,0
3.0,2.0,8.0,0.0,0.0,0,0.0228341404868441,0.1065618145888687,-0.0556,-0.0018,-0.0051,0.0294,0,0
3.0,4.0,8.0,0.0,0.0,0,0.0255829113637168,0.1480452043619411,-0.0525,-0.0047,-0.007,0.0295,0,0
3.0,6.0,8.0,0.0,0.0,0,0.0284045920953575,0.1911160420365499,-0.0497,-0.0076,-0.0088,0.0307,0,0
3.0,8.0,8.0,0.0,0.0,0,0.0314920299690487,0.2355754475278345,-0.0474,-0.0106,-0.0106,0.0325,0,0
3.0,10.0,8.0,0.0,0.0,0,0.0347452450865279,0.2814086786423085,-0.0459,-0.0132,-0.0124,0.0341,0,0
3.0,12.0,8.0,0.0,0.0,0,0.0383107735006381,0.3284425146614283,-0.0455,-0.0141,-0.0143,0.0344,0,0
3.0,14.0,8.0,0.0,0.0,0,0.0421268387266098,0.3766804230738212,0.0,0.0,-0.0164,0.0,0,0
3.0,16.0,8.0,0.0,0.0,0,0.0463866074056216,0.4259879318408649,0.0,0.0,-0.0189,0.0,0,0
4.0,-6.0,-8.0,0.0,0.0,0,0.009766730887019,-0.0359176620817798,0.0634,-0.0099,0.0022,-0.0274,0,0
4.0,-4.0,-8.0,0.0,0.0,0,0.0114067019546914,-0.0058098437928872,0.0585,-0.006,0.0015,-0.0265,0,0
4.0,-2.0,-8.0,0.0,0.0,0,0.0131687608852132,0.0252558020251152,0.0537,-0.0034,0.0006,-0.0253,0,0
4.0,0.0,-8.0,0.0,0.0,0,0.0149530478379977,0.0574,0.049,-0.0008,-0.0005,-0.024,0,0
4.0,2.0,-8.0,0.0,0.0,0,0.016938771378826,0.090946556780977,0.0445,0.0019,-0.0017,-0.0229,0,0
4.0,4.0,-8.0,0.0,0.0,0,0.0192786145277906,0.126051864173914,0.0405,0.0043,-0.003,-0.022,0,0
4.0,6.0,-8.0,0.0,0.0,0,0.0218141765330747,0.1628724345887528,0.0371,0.0062,-0.0044,-0.0214,0,0
4.0,8.0,-8.0,0.0,0.0,0,0.0246398379138086,0.2017930386299949,0.0345,0.0076,-0.006,-0.0211,0,0
4.0,10.0,-8.0,0.0,0.0,0,0.0277228392696682,0.2431073676934824,0.0331,0.0084,-0.0079,-0.0209,0,0
4.0,12.0,-8.0,0.0,0.0,0,0.0310389300767989,0.2869233193670316,0.0331,0.0089,-0.0103,-0.0206,0,0
4.0,14.0,-8.0,0.0,0.0,0,0.0345802558991178,0.333677364838091,0.0,0.0,-0.0134,0.0,0,0
4.0,16.0,-8.0,0.0,0.0,0,0.0380281372814719,0.3836436807636766,0.0,0.0,-0.0176,0.0,0,0
4.0,-6.0,-4.0,0.0,0.0,0,0.0087794219840741,-0.0348083834550012,0.0317,-0.0049,0.0015,-0.0137,0,0
4.0,-4.0,-4.0,0.0,0.0,0,0.0105470081375418,-0.0050480188163496,0.0293,-0.003,0.0004,-0.0133,0,0
4.0,-2.0,-4.0,0.0,0.0,0,0.0123723850679923,0.0255837949447468,0.0268,-0.0017,-0.0007,-0.0126,0,0
4.0,0.0,-4.0,0.0,0.0,0,0.0142651659187154,0.0573,0.0245,-0.0004,-0.0019,-0.012,0,0
4.0,2.0,-4.0,0.0,0.0,0,0.0164098598251818,0.0903277210559514,0.0223,0.0009,-0.0031,-0.0114,0,0
4.0,4.0,-4.0,0.0,0.0,0,0.018864726135983,0.1249202361902852,0.0203,0.0021,-0.0045,-0.011,0,0
4.0,6.0,-4.0,0.0,0.0,0,0.0215497570013314,0.1614369313846907,0.0185,0.0031,-0.006,-0.0107,0,0
4.0,8.0,-4.0,0.0,0.0,0,0.0245678569165586,0.200066215487277,0.0173,0.0038,-0.0078,-0.0106,0,0
4.0,10.0,-4.0,0.0,0.0,0,0.0277538757101947,0.241285072353938,0.0165,0.0042,-0.0098,-0.0105,0,0
4.0,12.0,-4.0,0.0,0.0,0,0.0311421124936738,0.2853095065150033,0.0166,0.0044,-0.0121,-0.0103,0,0
4.0,14.0,-4.0,0.0,0.0,0,0.0346227833935001,0.3324512317781113,0.0,0.0,-0.0149,0.0,0,0
4.0,16.0,-4.0,0.0,0.0,0,0.0379271778608813,0.3830945813977425,0.0,0.0,-0.0181,0.0,0,0
4.0,-6.0,-2.0,0.0,0.0,0,0.0086345252527688,-0.0344915017109958,0.0159,-0.0025,0.0014,-0.0069,0,0
4.0,-4.0,-2.0,0.0,0.0,0,0.0103814315224215,-0.0048359521919056,0.0146,-0.0015,0.0002,-0.0066,0,0
4.0,-2.0,-2.0,0.0,0.0,0,0.0121971137479032,0.025689976508544,0.0134,-0.0008,-0.001,-0.0063,0,0
4.0,0.0,-2.0,0.0,0.0,0,0.0140914106609692,0.0573,0.0122,-0.0002,-0.0022,-0.006,0,0
4.0,2.0,-2.0,0.0,0.0,0,0.0162528663326464,0.090122116813527,0.0111,0.0005,-0.0035,-0.0057,0,0
4.0,4.0,-2.0,0.0,0.0,0,0.0187365580261795,0.1246105412335494,0.0101,0.0011,-0.0049,-0.0055,0,0
4.0,6.0,-2.0,0.0,0.0,0,0.0214625491229641,0.1610255621555004,0.0093,0.0016,-0.0064,-0.0054,0,0
4.0,8.0,-2.0,0.0,0.0,0,0.0245202038237708,0.199655587252833,0.0086,0.0019,-0.0082,-0.0053,0,0
4.0,10.0,-2.0,0.0,0.0,0,0.02776871049182,0.2407799748202486,0.0083,0.0021,-0.0103,-0.0052,0,0
4.0,12.0,-2.0,0.0,0.0,0,0.031211375148528,0.2848130584493388,0.0083,0.0022,-0.0126,-0.0052,0,0
4.0,14.0,-2.0,0.0,0.0,0,0.0346070468815754,0.3321381241362166,0.0,0.0,-0.0152,0.0,0,0
4.0,16.0,-2.0,0.0,0.0,0,0.0379165946589396,0.3829875167698331,0.0,0.0,-0.0182,0.0,0,0
4.0,-6.0,0.0,0.0,0.0,0,0.0085424642608164,-0.0344818257108389,0.0,0.0,0.0013,0.0,0,0
4.0,-4.0,0.0,0.0,0.0,0,0.0102951530377776,-0.004729674822727,0.0,0.0,0.0001,0.0,0,0
4.0,-2.0,0.0,0.0,0.0,0,0.0121040541265491,0.0256932262221303,0.0,0.0,-0.0011,0.0,0,0
4.0,0.0,0.0,0.0,0.0,0,0.014,0.0572,0.0,0.0,-0.0023,0.0,0,0
4.0,2.0,0.0,0.0,0.0,0,0.0162646770892966,0.0901225292542375,0.0,0.0,-0.0036,0.0,0,0
4.0,4.0,0.0,0.0,0.0,0,0.0186604279489402,0.124504973510147,0.0,0.0,-0.005,0.0,0,0
4.0,6.0,0.0,0.0,0.0,0,0.0214961448994323,0.1609285423859379,0.0,0.0,-0.0066,0.0,0,0
4.0,8.0,0.0,0.0,0.0,0,0.0244804406782129,0.1994480333926622,0.0,0.0,-0.0084,0.0,0,0
4.0,10.0,0.0,0.0,0.0,0,0.0278275896541835,0.2406888141439862,0.0,0.0,-0.0104,0.0,0,0
4.0,12.0,0.0,0.0,0.0,0,0.0311878598833918,0.2847058260659482,0.0,0.0,-0.0127,0.0,0,0
4.0,14.0,0.0,0.0,0.0,0,0.0346986219562878,0.3320578950037698,0.0,0.0,-0.0153,0.0,0,0
4.0,16.0,0.0,0.0,0.0,0,0.0379312423830823,0.3828876869935567,0.0,0.0,-0.0182,0.0,0,0
4.0,-6.0,2.0,0.0,0.0,0,0.0086345252527688,-0.0344915017109958,-0.0159,0.0025,0.0014,0.0069,0,0
4.0,-4.0,2.0,0.0,0.0,0,0.0103814315224215,-0.0048359521919056,-0.0146,0.0015,0.0002,0.0066,0,0
4.0,-2.0,2.0,0.0,0.0,0,0.0121971137479032,0.025689976508544,-0.0134,0.0008,-0.001,0.0063,0,0
4.0,0.0,2.0,0.0,0.0,0,0.0140914106609692,0.0573,-0.0122,0.0002,-0.0022,0.006,0,0
4.0,2.0,2.0,0.0,0.0,0,0.0162528663326464,0.090122116813527,-0.0111,-0.0005,-0.0035,0.0057,0,0
4.0,4.0,2.0,0.0,0.0,0,0.0187365580261795,0.1246105412335494,-0.0101,-0.0011,-0.0049,0.0055,0,0
4.0,6.0,2.0,0.0,0.0,0,0.0214625491229641,0.1610255621555004,-0.0093,-0.0016,-0.0064,0.0054,0,0
4.0,8.0,2.0,0.0,0.0,0,0.0245202038237708,0.199655587252833,-0.0086,-0.0019,-0.0082,0.0053,0,0
4.0,10.0,2.0,0.0,0.0,0,0.02776871049182,0.2407799748202486,-0.0083,-0.0021,-0.0103,0.0052,0,0
4.0,12.0,2.0,0.0,0.0,0,0.031211375148528,0.2848130584493388,-0.0083,-0.0022,-0.0126,0.0052,0,0
4.0,14.0,2.0,0.0,0.0,0,0.0346070468815754,0.3321381241362166,0.0,0.0,-0.0152,0.0,0,0
4.0,16.0,2.0,0.0,0.0,0,0.0379165946589396,0.3829875167698331,0.0,0.0,-0.0182,0.0,0,0
4.0,-6.0,4.0,0.0,0.0,0,0.0087794219840741,-0.0348083834550012,-0.0317,0.0049,0.0015,0.0137,0,0
4.0,-4.0,4.0,0.0,0.0,0,0.0105470081375418,-0.0050480188163496,-0.0293,0.003,0.0004,0.0133,0,0
4.0,-2.0,4.0,0.0,0.0,0,0.0123723850679923,0.0255837949447468,-0.0268,0.0017,-0.0007,0.0126,0,0
4.0,0.0,4.0,0.0,0.0,0,0.0142651659187154,0.0573,-0.0245,0.0004,-0.0019,0.012,0,0
4.0,2.0,4.0,0.0,0.0,0,0.0164098598251818,0.0903277210559514,-0.0223,-0.0009,-0.0031,0.0114,0,0
4.0,4.0,4.0,0.0,0.0,0,0.018864726135983,0.1249202361902852,-0.0203,-0.0021,-0.0045,0.011,0,0
4.0,6.0,4.0,0.0,0.0,0,0.0215497570013314,0.1614369313846907,-0.0185,-0.0031,-0.006,0.0107,0,0
4.0,8.0,4.0,0.0,0.0,0,0.0245678569165586,0.200066215487277,-0.0173,-0.0038,-0.0078,0.0106,0,0
4.0,10.0,4.0,0.0,0.0,0,0.0277538757101947,0.241285072353938,-0.0165,-0.0042,-0.0098,0.0105,0,0
4.0,12.0,4.0,0.0,0.0,0,0.0311421124936738,0.2853095065150033,-0.0166,-0.0044,-0.0121,0.0103,0,0
4.0,14.0,4.0,0.0,0.0,0,0.0346227833935001,0.3324512317781113,0.0,0.0,-0.0149,0.0,0,0
4.0,16.0,4.0,0.0,0.0,0,0.0379271778608813,0.3830945813977425,0.0,0.0,-0.0181,0.0,0,0
4.0,-6.0,8.0,0.0,0.0,0,0.009766730887019,-0.0359176620817798,-0.0634,0.0099,0.0022,0.0274,0,0
4.0,-4.0,8.0,0.0,0.0,0,0.0114067019546914,-0.0058098437928872,-0.0585,0.006,0.0015,0.0265,0,0
4.0,-2.0,8.0,0.0,0.0,0,0.0131687608852132,0.0252558020251152,-0.0537,0.0034,0.0006,0.0253,0,0
4.0,0.0,8.0,0.0,0.0,0,0.0149530478379977,0.0574,-0.049,0.0008,-0.0005,0.024,0,0
4.0,2.0,8.0,0.0,0.0,0,0.016938771378826,0.090946556780977,-0.0445,-0.0019,-0.0017,0.0229,0,0
4.0,4.0,8.0,0.0,0.0,0,0.0192786145277906,0.126051864173914,-0.0405,-0.0043,-0.003,0.022,0,0
4.0,6.0,8.0,0.0,0.0,0,0.0218141765330747,0.1628724345887528,-0.0371,-0.0062,-0.0044,0.0214,0,0
4.0,8.0,8.0,0.0,0.0,0,0.0246398379138086,0.2017930386299949,-0.0345,-0.0076,-0.006,0.0211,0,0
4.0,10.0,8.0,0.0,0.0,0,0.0277228392696682,0.2431073676934824,-0.0331,-0.0084,-0.0079,0.0209,0,0
4.0,12.0,8.0,0.0,0.0,0,0.0310389300767989,0.2869233193670316,-0.0331,-0.0089,-0.0103,0.0206,0,0
4.0,14.0,8.0,0.0,0.0,0,0.0345802558991178,0.333677364838091,0.0,0.0,-0.0134,0.0,0,0
4.0,16.0,8.0,0.0,0.0,0,0.0380281372814719,0.3836436807636766,0.0,0.0,-0.0176,0.0,0,0
5.0,-6.0,-8.0,0.0,0.0,0,0.0072094092174934,-0.0318279452810346,0.0539,-0.0089,0.0014,-0.0214,0,0
5.0,-4.0,-8.0,0.0,0.0,0,0.0088162233469686,-0.004526013794552,0.0491,-0.0059,0.0008,-0.0201,0,0
5.0,-2.0,-8.0,0.0,0.0,0,0.010320920484735,0.0231539098058322,0.0442,-0.0031,0.0001,-0.019,0,0
5.0,0.0,-8.0,0.0,0.0,0,0.0117841900180246,0.0515,0.0395,-0.0002,-0.0007,-0.018,0,0
5.0,2.0,-8.0,0.0,0.0,0,0.0136190265970066,0.0810246552045512,0.0352,0.0027,-0.0017,-0.0171,0,0
5.0,4.0,-8.0,0.0,0.0,0,0.0156831657734254,0.112167236091111,0.0314,0.005,-0.0029,-0.0162,0,0
5.0,6.0,-8.0,0.0,0.0,0,0.0181849752333901,0.1452967985809881,0.0283,0.0065,-0.0043,-0.0152,0,0
5.0,8.0,-8.0,0.0,0.0,0,0.0210770340414023,0.1808938022350099,0.0261,0.0074,-0.0061,-0.0143,0,0
5.0,10.0,-8.0,0.0,0.0,0,0.02421822336258,0.2196423105846134,0.0246,0.0078,-0.0081,-0.0135,0,0
5.0,12.0,-8.0,0.0,0.0,0,0.0275601617992126,0.2618521781853135,0.024,0.0076,-0.0104,-0.013,0,0
5.0,14.0,-8.0,0.0,0.0,0,0.0308739379313312,0.3080185488768834,0.0,0.0,-0.0132,0.0,0,0
5.0,16.0,-8.0,0.0,0.0,0,0.0338141308634048,0.3588205366736795,0.0,0.0,-0.0162,0.0,0,0
5.0,-6.0,-4.0,0.0,0.0,0,0.0064301106714277,-0.0304388769398741,0.0269,-0.0045,0.0013,-0.0107,0,0
5.0,-4.0,-4.0,0.0,0.0,0,0.0081568321148566,-0.0034774627697857,0.0246,-0.0029,0.0007,-0.01,0,0
5.0,-2.0,-4.0,0.0,0.0,0,0.0096108038993644,0.0236790123955716,0.0221,-0.0016,0.0,-0.0095,0,0
5.0,0.0,-4.0,0.0,0.0,0,0.011272473767936,0.0514,0.0198,-0.0001,-0.0007,-0.009,0,0
5.0,2.0,-4.0,0.0,0.0,0,0.01306662630612,0.0803049382803168,0.0176,0.0014,-0.0016,-0.0086,0,0
5.0,4.0,-4.0,0.0,0.0,0,0.015342286671609,0.1109404692245654,0.0157,0.0025,-0.0028,-0.0081,0,0
5.0,6.0,-4.0,0.0,0.0,0,0.0179903104034506,0.1437680760635589,0.0142,0.0033,-0.0041,-0.0076,0,0
5.0,8.0,-4.0,0.0,0.0,0,0.0209302560700306,0.1793584325776195,0.013,0.0037,-0.0058,-0.0072,0,0
5.0,10.0,-4.0,0.0,0.0,0,0.0242060695377012,0.218320112941917,0.0123,0.0039,-0.0079,-0.0068,0,0
5.0,12.0,-4.0,0.0,0.0,0,0.0275884975444292,0.26124479677697,0.012,0.0038,-0.0104,-0.0065,0,0
5.0,14.0,-4.0,0.0,0.0,0,0.0306771087935774,0.3086909034016108,0.0,0.0,-0.0134,0.0,0,0
5.0,16.0,-4.0,0.0,0.0,0,0.0333844646185737,0.3612980804502119,0.0,0.0,-0.017,0.0,0,0
5.0,-6.0,-2.0,0.0,0.0,0,0.0062801269855643,-0.0301214605354001,0.0135,-0.0022,0.0013,-0.0053,0,0
5.0,-4.0,-2.0,0.0,0.0,0,0.007986699682679,-0.0032650775715791,0.0123,-0.0015,0.0007,-0.005,0,0
5.0,-2.0,-2.0,0.0,0.0,0,0.0094306032866475,0.0237853660940604,0.0111,-0.0008,0.0,-0.0048,0,0
5.0,0.0,-2.0,0.0,0.0,0,0.0110932381799119,0.0514,0.0099,0.0,-0.0007,-0.0045,0,0
5.0,2.0,-2.0,0.0,0.0,0,0.0129992661098632,0.0802025250560005,0.0088,0.0007,-0.0016,-0.0043,0,0
5.0,4.0,-2.0,0.0,0.0,0,0.0152059180911024,0.110630200835057,0.0079,0.0013,-0.0027,-0.004,0,0
5.0,6.0,-2.0,0.0,0.0,0,0.017893291969864,0.1433556757034647,0.0071,0.0016,-0.0041,-0.0038,0,0
5.0,8.0,-2.0,0.0,0.0,0,0.0209698109681545,0.1789600606270109,0.0065,0.0018,-0.0058,-0.0036,0,0
5.0,10.0,-2.0,0.0,0.0,0,0.0241726820044265,0.2180095978354156,0.0062,0.0019,-0.0079,-0.0034,0,0
5.0,12.0,-2.0,0.0,0.0,0,0.027559407235871,0.2611363793815185,0.006,0.0019,-0.0104,-0.0032,0,0
5.0,14.0,-2.0,0.0,0.0,0,0.0306203656673356,0.3088828784771399,0.0,0.0,-0.0135,0.0,0,0
5.0,16.0,-2.0,0.0,0.0,0,0.0332311766346394,0.3619823354332296,0.0,0.0,-0.0172,0.0,0,0
5.0,-6.0,0.0,0.0,0.0,0,0.0061968224995094,-0.0300121540531427,0.0,0.0,0.0013,0.0,0,0
5.0,-4.0,0.0,0.0,0.0,0,0.0078989019753698,-0.0031586939680029,0.0,0.0,0.0007,0.0,0,0
5.0,-2.0,0.0,0.0,0.0,0,0.0094358389828944,0.0237851832595187,0.0,0.0,0.0,0.0,0,0
5.0,0.0,0.0,0.0,0.0,0,0.011,0.0514,0.0,0.0,-0.0007,0.0,0,0
5.0,2.0,0.0,0.0,0.0,0,0.0129124360466807,0.0800994319289492,0.0,0.0,-0.0016,0.0,0,0
5.0,4.0,0.0,0.0,0.0,0,0.0152268098180914,0.1105314175371132,0.0,0.0,-0.0027,0.0,0,0
5.0,6.0,0.0,0.0,0.0,0,0.0178241640431104,0.1432478592376315,0.0,0.0,-0.0041,0.0,0,0
5.0,8.0,0.0,0.0,0.0,0,0.0209122697473722,0.1788509909785605,0.0,0.0,-0.0058,0.0,0,0
5.0,10.0,0.0,0.0,0.0,0,0.024227061779731,0.2179176437958181,0.0,0.0,-0.0078,0.0,0,0
5.0,12.0,0.0,0.0,0.0,0,0.0275308271514722,0.2610280704375599,0.0,0.0,-0.0104,0.0,0,0
5.0,14.0,0.0,0.0,0.0,0,0.0306579411224987,0.3089953084532666,0.0,0.0,-0.0135,0.0,0,0
5.0,16.0,0.0,0.0,0.0,0,0.0331571017331139,0.3621691546841889,0.0,0.0,-0.0172,0.0,0,0
5.0,-6.0,2.0,0.0,0.0,0,0.0062801269855643,-0.0301214605354001,-0.0135,0.0022,0.0013,0.0053,0,0
5.0,-4.0,2.0,0.0,0.0,0,0.007986699682679,-0.0032650775715791,-0.0123,0.0015,0.0007,0.005,0,0
5.0,-2.0,2.0,0.0,0.0,0,0.0094306032866475,0.0237853660940604,-0.0111,0.0008,0.0,0.0048,0,0
5.0,0.0,2.0,0.0,0.0,0,0.0110932381799119,0.0514,-0.0099,0.0,-0.0007,0.0045,0,0
5.0,2.0,2.0,0.0,0.0,0,0.0129992661098632,0.0802025250560005,-0.0088,-0.0007,-0.0016,0.0043,0,0
5.0,4.0,2.0,0.0,0.0,0,0.0152059180911024,0.110630200835057,-0.0079,-0.0013,-0.0027,0.004,0,0
5.0,6.0,2.0,0.0,0.0,0,0.017893291969864,0.1433556757034647,-0.0071,-0.0016,-0.0041,0.0038,0,0
5.0,8.0,2.0,0.0,0.0,0,0.0209698109681545,0.1789600606270109,-0.0065,-0.0018,-0.0058,0.0036,0,0
5.0,10.0,2.0,0.0,0.0,0,0.0241726820044265,0.2180095978354156,-0.0062,-0.0019,-0.0079,0.0034,0,0
5.0,12.0,2.0,0.0,0.0,0,0.027559407235871,0.2611363793815185,-0.006,-0.0019,-0.0104,0.0032,0,0
5.0,14.0,2.0,0.0,0.0,0,0.0306203656673356,0.3088828784771399,0.0,0.0,-0.0135,0.0,0,0
5.0,16.0,2.0,0.0,0.0,0,0.0332311766346394,0.3619823354332296,0.0,0.0,-0.0172,0.0,0,0
5.0,-6.0,4.0,0.0,0.0,0,0.0064301106714277,-0.0304388769398741,-0.0269,0.0045,0.0013,0.0107,0,0
5.0,-4.0,4.0,0.0,0.0,0,0.0081568321148566,-0.0034774627697857,-0.0246,0.0029,0.0007,0.01,0,0
5.0,-2.0,4.0,0.0,0.0,0,0.0096108038993644,0.0236790123955716,-0.0221,0.0016,0.0,0.0095,0,0
5.0,0.0,4.0,0.0,0.0,0,0.011272473767936,0.0514,-0.0198,0.0001,-0.0007,0.009,0,0
5.0,2.0,4.0,0.0,0.0,0,0.01306662630612,0.0803049382803168,-0.0176,-0.0014,-0.0016,0.0086,0,0
5.0,4.0,4.0,0.0,0.0,0,0.015342286671609,0.1109404692245654,-0.0157,-0.0025,-0.0028,0.0081,0,0
5.0,6.0,4.0,0.0,0.0,0,0.0179903104034506,0.1437680760635589,-0.0142,-0.0033,-0.0041,0.0076,0,0
5.0,8.0,4.0,0.0,0.0,0,0.0209302560700306,0.1793584325776195,-0.013,-0.0037,-0.0058,0.0072,0,0
5.0,10.0,4.0,0.0,0.0,0,0.0242060695377012,0.218320112941917,-0.0123,-0.0039,-0.0079,0.0068,0,0
5.0,12.0,4.0,0.0,0.0,0,0.0275884975444292,0.26124479677697,-0.012,-0.0038,-0.0104,0.0065,0,0
5.0,14.0,4.0,0.0,0.0,0,0.0306771087935774,0.3086909034016108,0.0,0.0,-0.0134,0.0,0,0
5.0,16.0,4.0,0.0,0.0,0,0.0333844646185737,0.3612980804502119,0.0,0.0,-0.017,0.0,0,0
5.0,-6.0,8.0,0.0,0.0,0,0.0072094092174934,-0.0318279452810346,-0.0539,0.0089,0.0014,0.0214,0,0
5.0,-4.0,8.0,0.0,0.0,0,0.0088162233469686,-0.004526013794552,-0.0491,0.0059,0.0008,0.0201,0,0
5.0,-2.0,8.0,0.0,0.0,0,0.010320920484735,0.0231539098058322,-0.0442,0.0031,0.0001,0.019,0,0
5.0,0.0,8.0,0.0,0.0,0,0.0117841900180246,0.0515,-0.0395,0.0002,-0.0007,0.018,0,0
5.0,2.0,8.0,0.0,0.0,0,0.0136190265970066,0.0810246552045512,-0.0352,-0.0027,-0.0017,0.0171,0,0
5.0,4.0,8.0,0.0,0.0,0,0.0156831657734254,0.112167236091111,-0.0314,-0.005,-0.0029,0.0162,0,0
5.0,6.0,8.0,0.0,0.0,0,0.0181849752333901,0.1452967985809881,-0.0283,-0.0065,-0.0043,0.0152,0,0
5.0,8.0,8.0,0.0,0.0,0,0.0210770340414023,0.1808938022350099,-0.0261,-0.0074,-0.0061,0.0143,0,0
5.0,10.0,8.0,0.0,0.0,0,0.02421822336258,0.2196423105846134,-0.0246,-0.0078,-0.0081,0.0135,0,0
5.0,12.0,8.0,0.0,0.0,0,0.0275601617992126,0.2618521781853135,-0.024,-0.0076,-0.0104,0.013,0,0
5.0,14.0,8.0,0.0,0.0,0,0.0308739379313312,0.3080185488768834,0.0,0.0,-0.0132,0.0,0,0
5.0,16.0,8.0,0.0,0.0,0,0.0338141308634048,0.3588205366736795,0.0,0.0,-0.0162,0.0,0,0
6.0,-6.0,-8.0,0.0,0.0,0,0.0058383081906688,-0.028767862745404,0.0472,-0.0082,0.0012,-0.0178,0,0
6.0,-4.0,-8.0,0.0,0.0,0,0.0073054104999178,-0.0034179255706332,0.0431,-0.0055,0.0014,-0.0165,0,0
6.0,-2.0,-8.0,0.0,0.0,0,0.0085861410385579,0.0217135753225429,0.0385,-0.0027,0.0011,-0.0155,0,0
6.0,0.0,-8.0,0.0,0.0,0,0.0099026806874157,0.0473,0.0337,0.0002,0.0007,-0.0147,0,0
6.0,2.0,-8.0,0.0,0.0,0,0.0115870939782866,0.0739494317438583,0.0293,0.003,0.0,-0.0137,0,0
6.0,4.0,-8.0,0.0,0.0,0,0.0135868316099779,0.1023972039047136,0.0255,0.0052,-0.0009,-0.0127,0,0
6.0,6.0,-8.0,0.0,0.0,0,0.0160699439593468,0.1332095021375173,0.0225,0.0065,-0.0021,-0.0114,0,0
6.0,8.0,-8.0,0.0,0.0,0,0.0188935324974017,0.1672572071481963,0.0203,0.0069,-0.0037,-0.0101,0,0
6.0,10.0,-8.0,0.0,0.0,0,0.0219508594081962,0.2051280832391578,0.0188,0.0069,-0.0057,-0.0088,0,0
6.0,12.0,-8.0,0.0,0.0,0,0.0250187226107948,0.2476126146385385,0.0177,0.0066,-0.0083,-0.0078,0,0
6.0,14.0,-8.0,0.0,0.0,0,0.0278909224809222,0.2954227428546587,0.0,0.0,-0.0117,0.0,0,0
6.0,16.0,-8.0,0.0,0.0,0,0.0298593994847739,0.3492601102684626,0.0,0.0,-0.0162,0.0,0,0
6.0,-6.0,-4.0,0.0,0.0,0,0.0051667900435323,-0.0271890209247369,0.0236,-0.0041,0.0012,-0.0089,0,0
6.0,-4.0,-4.0,0.0,0.0,0,0.0067199362422957,-0.0025750317038578,0.0216,-0.0027,0.0006,-0.0082,0,0
6.0,-2.0,-4.0,0.0,0.0,0,0.0080560402131796,0.022032269714563,0.0192,-0.0014,0.0001,-0.0078,0,0
6.0,0.0,-4.0,0.0,0.0,0,0.0094768584774683,0.0472,0.0168,0.0001,-0.0004,-0.0073,0,0
6.0,2.0,-4.0,0.0,0.0,0,0.0111071489394006,0.0735324278760672,0.0146,0.0015,-0.0012,-0.0069,0,0
6.0,4.0,-4.0,0.0,0.0,0,0.0132902086898794,0.101674752680905,0.0127,0.0026,-0.0021,-0.0063,0,0
6.0,6.0,-4.0,0.0,0.0,0,0.0158871015349966,0.1322853271727247,0.0112,0.0032,-0.0035,-0.0057,0,0
6.0,8.0,-4.0,0.0,0.0,0,0.0188451167327859,0.1662405751837058,0.0101,0.0035,-0.0052,-0.0051,0,0
6.0,10.0,-4.0,0.0,0.0,0,0.0220486042241896,0.2041298916755561,0.0094,0.0034,-0.0073,-0.0044,0,0
6.0,12.0,-4.0,0.0,0.0,0,0.0253629103204647,0.2467656674592965,0.0089,0.0033,-0.0099,-0.0039,0,0
6.0,14.0,-4.0,0.0,0.0,0,0.0282806880792871,0.2947984927923311,0.0,0.0,-0.0128,0.0,0,0
6.0,16.0,-4.0,0.0,0.0,0,0.0304987345814312,0.3489232869394519,0.0,0.0,-0.0162,0.0,0,0
6.0,-6.0,-2.0,0.0,0.0,0,0.0050138995264929,-0.0268712989999951,0.0118,-0.0021,0.0012,-0.0045,0,0
6.0,-4.0,-2.0,0.0,0.0,0,0.0065540459672582,-0.0022626989563677,0.0108,-0.0014,0.0004,-0.0041,0,0
6.0,-2.0,-2.0,0.0,0.0,0,0.0078731011045583,0.0221387190434361,0.0096,-0.0007,-0.0002,-0.0039,0,0
6.0,0.0,-2.0,0.0,0.0,0,0.0092943346912775,0.0472,0.0084,0.0001,-0.0007,-0.0037,0,0
6.0,2.0,-2.0,0.0,0.0,0,0.0110357722824842,0.073429874393854,0.0073,0.0007,-0.0014,-0.0034,0,0
6.0,4.0,-2.0,0.0,0.0,0,0.013241639815696,0.1014708680347574,0.0064,0.0013,-0.0024,-0.0032,0,0
6.0,6.0,-2.0,0.0,0.0,0,0.0157631820694559,0.1320712010561518,0.0056,0.0016,-0.0038,-0.0029,0,0
6.0,8.0,-2.0,0.0,0.0,0,0.0188497819158134,0.1660392653179188,0.0051,0.0017,-0.0055,-0.0025,0,0
6.0,10.0,-2.0,0.0,0.0,0,0.0220879971466104,0.2039337523882508,0.0047,0.0017,-0.0077,-0.0022,0,0
6.0,12.0,-2.0,0.0,0.0,0,0.0254430746969711,0.2465782388045621,0.0044,0.0016,-0.0103,-0.002,0,0
6.0,14.0,-2.0,0.0,0.0,0,0.0284075808481292,0.2946240079870918,0.0,0.0,-0.0131,0.0,0,0
6.0,16.0,-2.0,0.0,0.0,0,0.0306511368290197,0.348862957637141,0.0,0.0,-0.0162,0.0,0,0
6.0,-6.0,0.0,0.0,0.0,0,0.0049400785493767,-0.026662438446736,0.0,0.0,0.0012,0.0,0,0
6.0,-4.0,0.0,0.0,0.0,0,0.0064583610789754,-0.0022560080171789,0.0,0.0,0.0003,0.0,0,0
6.0,-2.0,0.0,0.0,0.0,0,0.0077809744649399,0.0222419971310121,0.0,0.0,-0.0002,0.0,0,0
6.0,0.0,0.0,0.0,0.0,0,0.0093,0.0472,0.0,0.0,-0.0008,0.0,0,0
6.0,2.0,0.0,0.0,0.0,0,0.0110475419378473,0.0733302244448461,0.0,0.0,-0.0015,0.0,0,0
6.0,4.0,0.0,0.0,0.0,0,0.013161195146087,0.1013649986056657,0.0,0.0,-0.0025,0.0,0,0
6.0,6.0,0.0,0.0,0.0,0,0.0157810542275494,0.1320730794956608,0.0,0.0,-0.0039,0.0,0,0
6.0,8.0,0.0,0.0,0.0,0,0.0187898880412809,0.1659298650255466,0.0,0.0,-0.0057,0.0,0,0
6.0,10.0,0.0,0.0,0.0,0,0.0221396772896797,0.2038413223306521,0.0,0.0,-0.0079,0.0,0,0
6.0,12.0,0.0,0.0,0.0,0,0.0254114557210149,0.2464692839242628,0.0,0.0,-0.0104,0.0,0,0
6.0,14.0,0.0,0.0,0.0,0,0.0284902306459487,0.2945415535331825,0.0,0.0,-0.0132,0.0,0,0
6.0,16.0,0.0,0.0,0.0,0,0.0307523072984513,0.3487879378588394,0.0,0.0,-0.0162,0.0,0,0
6.0,-6.0,2.0,0.0,0.0,0,0.0050138995264929,-0.0268712989999951,-0.0118,0.0021,0.0012,0.0045,0,0
6.0,-4.0,2.0,0.0,0.0,0,0.0065540459672582,-0.0022626989563677,-0.0108,0.0014,0.0004,0.0041,0,0
6.0,-2.0,2.0,0.0,0.0,0,0.0078731011045583,0.0221387190434361,-0.0096,0.0007,-0.0002,0.0039,0,0
6.0,0.0,2.0,0.0,0.0,0,0.0092943346912775,0.0472,-0.0084,-0.0001,-0.0007,0.0037,0,0
6.0,2.0,2.0,0.0,0.0,0,0.0110357722824842,0.073429874393854,-0.0073,-0.0007,-0.0014,0.0034,0,0
6.0,4.0,2.0,0.0,0.0,0,0.013241639815696,0.1014708680347574,-0.0064,-0.0013,-0.0024,0.0032,0,0
6.0,6.0,2.0,0.0,0.0,0,0.0157631820694559,0.1320712010561518,-0.0056,-0.0016,-0.0038,0.0029,0,0
6.0,8.0,2.0,0.0,0.0,0,0.0188497819158134,0.1660392653179188,-0.0051,-0.0017,-0.0055,0.0025,0,0
6.0,10.0,2.0,0.0,0.0,0,0.0220879971466104,0.2039337523882508,-0.0047,-0.0017,-0.0077,0.0022,0,0
6.0,12.0,2.0,0.0,0.0,0,0.0254430746969711,0.2465782388045621,-0.0044,-0.0016,-0.0103,0.002,0,0
6.0,14.0,2.0,0.0,0.0,0,0.0284075808481292,0.2946240079870918,0.0,0.0,-0.0131,0.0,0,0
6.0,16.0,2.0,0.0,0.0,0,0.0306511368290197,0.348862957637141,0.0,0.0,-0.0162,0.0,0,0
6.0,-6.0,4.0,0.0,0.0,0,0.0051667900435323,-0.0271890209247369,-0.0236,0.0041,0.0012,0.0089,0,0
6.0,-4.0,4.0,0.0,0.0,0,0.0067199362422957,-0.0025750317038578,-0.0216,0.0027,0.0006,0.0082,0,0
6.0,-2.0,4.0,0.0,0.0,0,0.0080560402131796,0.022032269714563,-0.0192,0.0014,0.0001,0.0078,0,0
6.0,0.0,4.0,0.0,0.0,0,0.0094768584774683,0.0472,-0.0168,-0.0001,-0.0004,0.0073,0,0
6.0,2.0,4.0,0.0,0.0,0,0.0111071489394006,0.0735324278760672,-0.0146,-0.0015,-0.0012,0.0069,0,0
6.0,4.0,4.0,0.0,0.0,0,0.0132902086898794,0.101674752680905,-0.0127,-0.0026,-0.0021,0.0063,0,0
6.0,6.0,4.0,0.0,0.0,0,0.0158871015349966,0.1322853271727247,-0.0112,-0.0032,-0.0035,0.0057,0,0
6.0,8.0,4.0,0.0,0.0,0,0.0188451167327859,0.1662405751837058,-0.0101,-0.0035,-0.0052,0.0051,0,0
6.0,10.0,4.0,0.0,0.0,0,0.0220486042241896,0.2041298916755561,-0.0094,-0.0034,-0.0073,0.0044,0,0
6.0,12.0,4.0,0.0,0.0,0,0.0253629103204647,0.2467656674592965,-0.0089,-0.0033,-0.0099,0.0039,0,0
6.0,14.0,4.0,0.0,0.0,0,0.0282806880792871,0.2947984927923311,0.0,0.0,-0.0128,0.0,0,0
6.0,16.0,4.0,0.0,0.0,0,0.0304987345814312,0.3489232869394519,0.0,0.0,-0.0162,0.0,0,0
6.0,-6.0,8.0,0.0,0.0,0,0.0058383081906688,-0.028767862745404,-0.0472,0.0082,0.0012,0.0178,0,0
6.0,-4.0,8.0,0.0,0.0,0,0.0073054104999178,-0.0034179255706332,-0.0431,0.0055,0.0014,0.0165,0,0
6.0,-2.0,8.0,0.0,0.0,0,0.0085861410385579,0.0217135753225429,-0.0385,0.0027,0.0011,0.0155,0,0
6.0,0.0,8.0,0.0,0.0,0,0.0099026806874157,0.0473,-0.0337,-0.0002,0.0007,0.0147,0,0
6.0,2.0,8.0,0.0,0.0,0,0.0115870939782866,0.0739494317438583,-0.0293,-0.003,0.0,0.0137,0,0
6.0,4.0,8.0,0.0,0.0,0,0.0135868316099779,0.1023972039047136,-0.0255,-0.0052,-0.0009,0.0127,0,0
6.0,6.0,8.0,0.0,0.0,0,0.0160699439593468,0.1332095021375173,-0.0225,-0.0065,-0.0021,0.0114,0,0
6.0,8.0,8.0,0.0,0.0,0,0.0188935324974017,0.1672572071481963,-0.0203,-0.0069,-0.0037,0.0101,0,0
6.0,10.0,8.0,0.0,0.0,0,0.0219508594081962,0.2051280832391578,-0.0188,-0.0069,-0.0057,0.0088,0,0
6.0,12.0,8.0,0.0,0.0,0,0.0250187226107948,0.2476126146385385,-0.0177,-0.0066,-0.0083,0.0078,0,0
6.0,14.0,8.0,0.0,0.0,0,0.0278909224809222,0.2954227428546587,0.0,0.0,-0.0117,0.0,0,0
6.0,16.0,8.0,0.0,0.0,0,0.0298593994847739,0.3492601102684626,0.0,0.0,-0.0162,0.0,0,0
7.0,-6.0,-8.0,0.0,0.0,0,0.0050267545908524,-0.026068243498053,0.042,-0.0074,0.0013,-0.0155,0,0
7.0,-4.0,-8.0,0.0,0.0,0,0.0063454572639186,-0.0029498223419925,0.0386,-0.0053,0.0012,-0.0143,0,0
7.0,-2.0,-8.0,0.0,0.0,0,0.0075371470699734,0.0200491707738101,0.0341,-0.0024,0.0012,-0.0133,0,0
7.0,0.0,-8.0,0.0,0.0,0,0.0087143590049258,0.0437,0.0292,0.0006,0.0011,-0.0122,0,0
7.0,2.0,-8.0,0.0,0.0,0,0.0102910540241947,0.0685008814921557,0.0247,0.0031,0.0007,-0.011,0,0
7.0,4.0,-8.0,0.0,0.0,0,0.0121982008577428,0.0952830080966749,0.0209,0.005,0.0001,-0.0098,0,0
7.0,6.0,-8.0,0.0,0.0,0,0.0146723906681789,0.1247168946472289,0.0181,0.006,-0.0009,-0.0085,0,0
7.0,8.0,-8.0,0.0,0.0,0,0.0174699105822086,0.1574637681970076,0.0162,0.0062,-0.0024,-0.0072,0,0
7.0,10.0,-8.0,0.0,0.0,0,0.0206187198888627,0.1944342969974082,0.015,0.006,-0.0045,-0.0061,0,0
7.0,12.0,-8.0,0.0,0.0,0,0.023680244030192,0.2362868338090343,0.0141,0.0056,-0.0072,-0.0052,0,0
7.0,14.0,-8.0,0.0,0.0,0,0.0264203959701582,0.2837193494937531,0.0,0.0,-0.0106,0.0,0,0
7.0,16.0,-8.0,0.0,0.0,0,0.0284850755524956,0.3375267653714524,0.0,0.0,-0.0148,0.0,0,0
7.0,-6.0,-4.0,0.0,0.0,0,0.0044255590653591,-0.0246978945386683,0.021,-0.0037,0.001,-0.0077,0,0
7.0,-4.0,-4.0,0.0,0.0,0,0.0057666560921714,-0.0019069067232219,0.0193,-0.0026,0.0006,-0.0072,0,0
7.0,-2.0,-4.0,0.0,0.0,0,0.0070137145062727,0.0207678761227207,0.017,-0.0012,0.0003,-0.0066,0,0
7.0,0.0,-4.0,0.0,0.0,0,0.0082797816171565,0.044,0.0146,0.0003,-0.0001,-0.0061,0,0
7.0,2.0,-4.0,0.0,0.0,0,0.0098824175675717,0.068586672547078,0.0123,0.0016,-0.0007,-0.0055,0,0
7.0,4.0,-4.0,0.0,0.0,0,0.0119454088599744,0.095165086968378,0.0104,0.0025,-0.0016,-0.0049,0,0
7.0,6.0,-4.0,0.0,0.0,0,0.0144988994177964,0.1244975583261195,0.009,0.003,-0.0029,-0.0043,0,0
7.0,8.0,-4.0,0.0,0.0,0,0.0174874975648467,0.1572642743717237,0.0081,0.0031,-0.0046,-0.0036,0,0
7.0,10.0,-4.0,0.0,0.0,0,0.0207336706617924,0.1943530232589404,0.0075,0.003,-0.0068,-0.003,0,0
7.0,12.0,-4.0,0.0,0.0,0,0.024082844290523,0.2364746431955842,0.0071,0.0028,-0.0093,-0.0026,0,0
7.0,14.0,-4.0,0.0,0.0,0,0.0269733805444799,0.2843725308479468,0.0,0.0,-0.0123,0.0,0,0
7.0,16.0,-4.0,0.0,0.0,0,0.0290622612609196,0.3387325701459305,0.0,0.0,-0.0154,0.0,0,0
7.0,-6.0,-2.0,0.0,0.0,0,0.0042813046251613,-0.0242805294742223,0.0105,-0.0019,0.0009,-0.0039,0,0
7.0,-4.0,-2.0,0.0,0.0,0,0.005691663479056,-0.0017011743492512,0.0097,-0.0013,0.0004,-0.0036,0,0
7.0,-2.0,-2.0,0.0,0.0,0,0.0068289497337152,0.0208743892051833,0.0085,-0.0006,0.0001,-0.0033,0,0
7.0,0.0,-2.0,0.0,0.0,0,0.0081950047815565,0.0441,0.0073,0.0001,-0.0004,-0.003,0,0
7.0,2.0,-2.0,0.0,0.0,0,0.0098049950314743,0.0685839688925415,0.0062,0.0008,-0.001,-0.0028,0,0
7.0,4.0,-2.0,0.0,0.0,0,0.0118865841501353,0.0950607293541474,0.0052,0.0012,-0.002,-0.0025,0,0
7.0,6.0,-2.0,0.0,0.0,0,0.0144599218190118,0.1243929107874504,0.0045,0.0015,-0.0034,-0.0021,0,0
7.0,8.0,-2.0,0.0,0.0,0,0.0174735420411754,0.1571613302935264,0.0041,0.0016,-0.0052,-0.0018,0,0
7.0,10.0,-2.0,0.0,0.0,0,0.0208313576604069,0.1943702481124606,0.0038,0.0015,-0.0073,-0.0015,0,0
7.0,12.0,-2.0,0.0,0.0,0,0.0241153510140317,0.2364815527129644,0.0035,0.0014,-0.0099,-0.0013,0,0
7.0,14.0,-2.0,0.0,0.0,0,0.0271179316574826,0.2845116328511956,0.0,0.0,-0.0127,0.0,0,0
7.0,16.0,-2.0,0.0,0.0,0,0.0292891685462304,0.3391097245937469,0.0,0.0,-0.0156,0.0,0,0
7.0,-6.0,0.0,0.0,0.0,0,0.0041964249658508,-0.0241710574345845,0.0,0.0,0.0009,0.0,0,0
7.0,-4.0,0.0,0.0,0.0,0,0.005602407317988,-0.0015946887606533,0.0,0.0,0.0004,0.0,0,0
7.0,-2.0,0.0,0.0,0.0,0,0.0068361533749095,0.0209741986029195,0.0,0.0,0.0,0.0,0,0
7.0,0.0,0.0,0.0,0.0,0,0.0081,0.0441,0.0,0.0,-0.0005,0.0,0,0
7.0,2.0,0.0,0.0,0.0,0,0.0098124224145224,0.0685842282624728,0.0,0.0,-0.0012,0.0,0,0
7.0,4.0,0.0,0.0,0.0,0,0.0118978263978589,0.0950615154886898,0.0,0.0,-0.0022,0.0,0,0
7.0,6.0,0.0,0.0,0.0,0,0.0144765217217834,0.1243946555075367,0.0,0.0,-0.0035,0.0,0,0
7.0,8.0,0.0,0.0,0.0,0,0.0174971892275875,0.1571646536888431,0.0,0.0,-0.0053,0.0,0,0
7.0,10.0,0.0,0.0,0.0,0,0.02088129804048,0.1942775112877057,0.0,0.0,-0.0075,0.0,0,0
7.0,12.0,0.0,0.0,0.0,0,0.0241587297013621,0.2364907731375931,0.0,0.0,-0.0101,0.0,0,0
7.0,14.0,0.0,0.0,0.0,0,0.0271742022773644,0.2845256626924694,0.0,0.0,-0.0128,0.0,0,0
7.0,16.0,0.0,0.0,0.0,0,0.0293604329814693,0.3391301593417204,0.0,0.0,-0.0156,0.0,0,0
7.0,-6.0,2.0,0.0,0.0,0,0.0042813046251613,-0.0242805294742223,-0.0105,0.0019,0.0009,0.0039,0,0
7.0,-4.0,2.0,0.0,0.0,0,0.005691663479056,-0.0017011743492512,-0.0097,0.0013,0.0004,0.0036,0,0
7.0,-2.0,2.0,0.0,0.0,0,0.0068289497337152,0.0208743892051833,-0.0085,0.0006,0.0001,0.0033,0,0
7.0,0.0,2.0,0.0,0.0,0,0.0081950047815565,0.0441,-0.0073,-0.0001,-0.0004,0.003,0,0
7.0,2.0,2.0,0.0,0.0,0,0.0098049950314743,0.0685839688925415,-0.0062,-0.0008,-0.001,0.0028,0,0
7.0,4.0,2.0,0.0,0.0,0,0.0118865841501353,0.0950607293541474,-0.0052,-0.0012,-0.002,0.0025,0,0
7.0,6.0,2.0,0.0,0.0,0,0.0144599218190118,0.1243929107874504,-0.0045,-0.0015,-0.0034,0.0021,0,0
7.0,8.0,2.0,0.0,0.0,0,0.0174735420411754,0.1571613302935264,-0.0041,-0.0016,-0.0052,0.0018,0,0
7.0,10.0,2.0,0.0,0.0,0,0.0208313576604069,0.1943702481124606,-0.0038,-0.0015,-0.0073,0.0015,0,0
7.0,12.0,2.0,0.0,0.0,0,0.0241153510140317,0.2364815527129644,-0.0035,-0.0014,-0.0099,0.0013,0,0
7.0,14.0,2.0,0.0,0.0,0,0.0271179316574826,0.2845116328511956,0.0,0.0,-0.0127,0.0,0,0
7.0,16.0,2.0,0.0,0.0,0,0.0292891685462304,0.3391097245937469,0.0,0.0,-0.0156,0.0,0,0
7.0,-6.0,4.0,0.0,0.0,0,0.0044255590653591,-0.0246978945386683,-0.021,0.0037,0.001,0.0077,0,0
7.0,-4.0,4.0,0.0,0.0,0,0.0057666560921714,-0.0019069067232219,-0.0193,0.0026,0.0006,0.0072,0,0
7.0,-2.0,4.0,0.0,0.0,0,0.0070137145062727,0.0207678761227207,-0.017,0.0012,0.0003,0.0066,0,0
7.0,0.0,4.0,0.0,0.0,0,0.0082797816171565,0.044,-0.0146,-0.0003,-0.0001,0.0061,0,0
7.0,2.0,4.0,0.0,0.0,0,0.0098824175675717,0.068586672547078,-0.0123,-0.0016,-0.0007,0.0055,0,0
7.0,4.0,4.0,0.0,0.0,0,0.0119454088599744,0.095165086968378,-0.0104,-0.0025,-0.0016,0.0049,0,0
7.0,6.0,4.0,0.0,0.0,0,0.0144988994177964,0.1244975583261195,-0.009,-0.003,-0.0029,0.0043,0,0
7.0,8.0,4.0,0.0,0.0,0,0.0174874975648467,0.1572642743717237,-0.0081,-0.0031,-0.0046,0.0036,0,0
7.0,10.0,4.0,0.0,0.0,0,0.0207336706617924,0.1943530232589404,-0.0075,-0.003,-0.0068,0.003,0,0
7.0,12.0,4.0,0.0,0.0,0,0.024082844290523,0.2364746431955842,-0.0071,-0.0028,-0.0093,0.0026,0,0
7.0,14.0,4.0,0.0,0.0,0,0.0269733805444799,0.2843725308479468,0.0,0.0,-0.0123,0.0,0,0
7.0,16.0,4.0,0.0,0.0,0,0.0290622612609196,0.3387325701459305,0.0,0.0,-0.0154,0.0,0,0
7.0,-6.0,8.0,0.0,0.0,0,0.0050267545908524,-0.026068243498053,-0.042,0.0074,0.0013,0.0155,0,0
7.0,-4.0,8.0,0.0,0.0,0,0.0063454572639186,-0.0029498223419925,-0.0386,0.0053,0.0012,0.0143,0,0
7.0,-2.0,8.0,0.0,0.0,0,0.0075371470699734,0.0200491707738101,-0.0341,0.0024,0.0012,0.0133,0,0
7.0,0.0,8.0,0.0,0.0,0,0.0087143590049258,0.0437,-0.0292,-0.0006,0.0011,0.0122,0,0
7.0,2.0,8.0,0.0,0.0,0,0.0102910540241947,0.0685008814921557,-0.0247,-0.0031,0.0007,0.011,0,0
7.0,4.0,8.0,0.0,0.0,0,0.0121982008577428,0.0952830080966749,-0.0209,-0.005,0.0001,0.0098,0,0
7.0,6.0,8.0,0.0,0.0,0,0.0146723906681789,0.1247168946472289,-0.0181,-0.006,-0.0009,0.0085,0,0
7.0,8.0,8.0,0.0,0.0,0,0.0174699105822086,0.1574637681970076,-0.0162,-0.0062,-0.0024,0.0072,0,0
7.0,10.0,8.0,0.0,0.0,0,0.0206187198888627,0.1944342969974082,-0.015,-0.006,-0.0045,0.0061,0,0
7.0,12.0,8.0,0.0,0.0,0,0.023680244030192,0.2362868338090343,-0.0141,-0.0056,-0.0072,0.0052,0,0
7.0,14.0,8.0,0.0,0.0,0,0.0264203959701582,0.2837193494937531,0.0,0.0,-0.0106,0.0,0,0
7.0,16.0,8.0,0.0,0.0,0,0.0284850755524956,0.3375267653714524,0.0,0.0,-0.0148,0.0,0,0
8.0,-6.0,-8.0,0.0,0.0,0,0.0044165783570894,-0.0242947473163681,0.0385,-0.0068,0.0011,-0.014,0,0
8.0,-4.0,-8.0,0.0,0.0,0,0.0056748851281941,-0.0026021988009388,0.0351,-0.0051,0.0008,-0.0127,0,0
8.0,-2.0,-8.0,0.0,0.0,0,0.0067035358145782,0.0188775496671469,0.0304,-0.0022,0.0006,-0.0114,0,0
8.0,0.0,-8.0,0.0,0.0,0,0.0079221445499325,0.0409,0.0254,0.0008,0.0004,-0.0101,0,0
8.0,2.0,-8.0,0.0,0.0,0,0.009349000603736,0.064265424175756,0.021,0.0031,0.0,-0.0088,0,0
8.0,4.0,-8.0,0.0,0.0,0,0.0112906732428153,0.089806361334174,0.0174,0.0047,-0.0007,-0.0076,0,0
8.0,6.0,-8.0,0.0,0.0,0,0.0137656235904558,0.1181863365977542,0.0149,0.0054,-0.0019,-0.0064,0,0
8.0,8.0,-8.0,0.0,0.0,0,0.0166650694524886,0.1503828449024555,0.0135,0.0056,-0.0036,-0.0053,0,0
8.0,10.0,-8.0,0.0,0.0,0,0.0197862874220513,0.1871795304106914,0.0126,0.0053,-0.0057,-0.0044,0,0
8.0,12.0,-8.0,0.0,0.0,0,0.0228798965132754,0.2295737348855612,0.0118,0.005,-0.0084,-0.0036,0,0
8.0,14.0,-8.0,0.0,0.0,0,0.0254442360252912,0.2782198359745594,0.0,0.0,-0.0116,0.0,0,0
8.0,16.0,-8.0,0.0,0.0,0,0.0271226020646048,0.3340151840779962,0.0,0.0,-0.0152,0.0,0,0
8.0,-6.0,-4.0,0.0,0.0,0,0.0038304837135551,-0.0227248838677209,0.0192,-0.0034,0.001,-0.007,0,0
8.0,-4.0,-4.0,0.0,0.0,0,0.0051905026136722,-0.0015658855778559,0.0175,-0.0026,0.0007,-0.0063,0,0
8.0,-2.0,-4.0,0.0,0.0,0,0.0062774556070644,0.0196929163512975,0.0152,-0.0011,0.0006,-0.0057,0,0
8.0,0.0,-4.0,0.0,0.0,0,0.0074817303769486,0.0415,0.0127,0.0004,0.0004,-0.0051,0,0
8.0,2.0,-4.0,0.0,0.0,0,0.0090180792938475,0.0647541729211228,0.0105,0.0016,-0.0001,-0.0044,0,0
8.0,4.0,-4.0,0.0,0.0,0,0.0110930547400756,0.0901935192615289,0.0087,0.0023,-0.0008,-0.0038,0,0
8.0,6.0,-4.0,0.0,0.0,0,0.0136170155697253,0.1185729205772064,0.0075,0.0027,-0.0021,-0.0032,0,0
8.0,8.0,-4.0,0.0,0.0,0,0.0166000649250969,0.150676657383672,0.0067,0.0028,-0.0038,-0.0027,0,0
8.0,10.0,-4.0,0.0,0.0,0,0.0199496606482832,0.1873098801795901,0.0063,0.0027,-0.0059,-0.0022,0,0
8.0,12.0,-4.0,0.0,0.0,0,0.0231548080704679,0.2293254669624619,0.0059,0.0025,-0.0085,-0.0018,0,0
8.0,14.0,-4.0,0.0,0.0,0,0.0261018503396835,0.2775593067347281,0.0,0.0,-0.0115,0.0,0,0
8.0,16.0,-4.0,0.0,0.0,0,0.0281126381655192,0.3326345932642894,0.0,0.0,-0.0146,0.0,0,0
8.0,-6.0,-2.0,0.0,0.0,0,0.0037841674637194,-0.0223178125218761,0.0096,-0.0017,0.0009,-0.0035,0,0
8.0,-4.0,-2.0,0.0,0.0,0,0.005021696615718,-0.0012533489431577,0.0088,-0.0013,0.0007,-0.0032,0,0
8.0,-2.0,-2.0,0.0,0.0,0,0.0061912910722645,0.0197959862375855,0.0076,-0.0005,0.0006,-0.0028,0,0
8.0,0.0,-2.0,0.0,0.0,0,0.0073954921199413,0.0417,0.0064,0.0002,0.0004,-0.0025,0,0
8.0,2.0,-2.0,0.0,0.0,0,0.0089318511944734,0.0649512836784007,0.0052,0.0008,-0.0001,-0.0022,0,0
8.0,4.0,-2.0,0.0,0.0,0,0.0110180919433003,0.0902885215419441,0.0043,0.0012,-0.0009,-0.0019,0,0
8.0,6.0,-2.0,0.0,0.0,0,0.0135544071240596,0.1186668909923599,0.0037,0.0014,-0.0021,-0.0016,0,0
8.0,8.0,-2.0,0.0,0.0,0,0.0166539850660044,0.1507852181225343,0.0034,0.0014,-0.0038,-0.0013,0,0
8.0,10.0,-2.0,0.0,0.0,0,0.0199279639978262,0.1874075971359121,0.0032,0.0013,-0.006,-0.0011,0,0
8.0,12.0,-2.0,0.0,0.0,0,0.023280781510411,0.2293522434437179,0.003,0.0012,-0.0085,-0.0009,0,0
8.0,14.0,-2.0,0.0,0.0,0,0.0262175762723266,0.2773820377245212,0.0,0.0,-0.0114,0.0,0,0
8.0,16.0,-2.0,0.0,0.0,0,0.0283357907482779,0.332282461463371,0.0,0.0,-0.0145,0.0,0,0
8.0,-6.0,0.0,0.0,0.0,0,0.0036988637193015,-0.0222082959090974,0.0,0.0,0.0009,0.0,0,0
8.0,-4.0,0.0,0.0,0.0,0,0.0050317714773298,-0.0011538092563028,0.0,0.0,0.0007,0.0,0,0
8.0,-2.0,0.0,0.0,0.0,0,0.0060981903496233,0.0198992983408903,0.0,0.0,0.0006,0.0,0,0
8.0,0.0,0.0,0.0,0.0,0,0.0073,0.0417,0.0,0.0,0.0004,0.0,0,0
8.0,2.0,0.0,0.0,0.0,0,0.0089386697756323,0.0649515217885016,0.0,0.0,-0.0001,0.0,0,0
8.0,4.0,0.0,0.0,0.0,0,0.0110216293167701,0.0903890130890016,0.0,0.0,-0.0009,0.0,0,0
8.0,6.0,0.0,0.0,0.0,0,0.0135700982730298,0.1186685401985728,0.0,0.0,-0.0021,0.0,0,0
8.0,8.0,0.0,0.0,0.0,0,0.0166766067366792,0.1507883973910133,0.0,0.0,-0.0038,0.0,0,0
8.0,10.0,0.0,0.0,0.0,0,0.0199592797317561,0.1874131189447246,0.0,0.0,-0.006,0.0,0,0
8.0,12.0,0.0,0.0,0.0,0,0.0233435808863168,0.229263357803649,0.0,0.0,-0.0085,0.0,0,0
8.0,14.0,0.0,0.0,0.0,0,0.0262965022791245,0.2772986548252334,0.0,0.0,-0.0114,0.0,0,0
8.0,16.0,0.0,0.0,0.0,0,0.0284329793100708,0.3322062998914276,0.0,0.0,-0.0144,0.0,0,0
8.0,-6.0,2.0,0.0,0.0,0,0.0037841674637194,-0.0223178125218761,-0.0096,0.0017,0.0009,0.0035,0,0
8.0,-4.0,2.0,0.0,0.0,0,0.005021696615718,-0.0012533489431577,-0.0088,0.0013,0.0007,0.0032,0,0
8.0,-2.0,2.0,0.0,0.0,0,0.0061912910722645,0.0197959862375855,-0.0076,0.0005,0.0006,0.0028,0,0
8.0,0.0,2.0,0.0,0.0,0,0.0073954921199413,0.0417,-0.0064,-0.0002,0.0004,0.0025,0,0
8.0,2.0,2.0,0.0,0.0,0,0.0089318511944734,0.0649512836784007,-0.0052,-0.0008,-0.0001,0.0022,0,0
8.0,4.0,2.0,0.0,0.0,0,0.0110180919433003,0.0902885215419441,-0.0043,-0.0012,-0.0009,0.0019,0,0
8.0,6.0,2.0,0.0,0.0,0,0.0135544071240596,0.1186668909923599,-0.0037,-0.0014,-0.0021,0.0016,0,0
8.0,8.0,2.0,0.0,0.0,0,0.0166539850660044,0.1507852181225343,-0.0034,-0.0014,-0.0038,0.0013,0,0
8.0,10.0,2.0,0.0,0.0,0,0.0199279639978262,0.1874075971359121,-0.0032,-0.0013,-0.006,0.0011,0,0
8.0,12.0,2.0,0.0,0.0,0,0.023280781510411,0.2293522434437179,-0.003,-0.0012,-0.0085,0.0009,0,0
8.0,14.0,2.0,0.0,0.0,0,0.0262175762723266,0.2773820377245212,0.0,0.0,-0.0114,0.0,0,0
8.0,16.0,2.0,0.0,0.0,0,0.0283357907482779,0.332282461463371,0.0,0.0,-0.0145,0.0,0,0
8.0,-6.0,4.0,0.0,0.0,0,0.0038304837135551,-0.0227248838677209,-0.0192,0.0034,0.001,0.007,0,0
8.0,-4.0,4.0,0.0,0.0,0,0.0051905026136722,-0.0015658855778559,-0.0175,0.0026,0.0007,0.0063,0,0
8.0,-2.0,4.0,0.0,0.0,0,0.0062774556070644,0.0196929163512975,-0.0152,0.0011,0.0006,0.0057,0,0
8.0,0.0,4.0,0.0,0.0,0,0.0074817303769486,0.0415,-0.0127,-0.0004,0.0004,0.0051,0,0
8.0,2.0,4.0,0.0,0.0,0,0.0090180792938475,0.0647541729211228,-0.0105,-0.0016,-0.0001,0.0044,0,0
8.0,4.0,4.0,0.0,0.0,0,0.0110930547400756,0.0901935192615289,-0.0087,-0.0023,-0.0008,0.0038,0,0
8.0,6.0,4.0,0.0,0.0,0,0.0136170155697253,0.1185729205772064,-0.0075,-0.0027,-0.0021,0.0032,0,0
8.0,8.0,4.0,0.0,0.0,0,0.0166000649250969,0.150676657383672,-0.0067,-0.0028,-0.0038,0.0027,0,0
8.0,10.0,4.0,0.0,0.0,0,0.0199496606482832,0.1873098801795901,-0.0063,-0.0027,-0.0059,0.0022,0,0
8.0,12.0,4.0,0.0,0.0,0,0.0231548080704679,0.2293254669624619,-0.0059,-0.0025,-0.0085,0.0018,0,0
8.0,14.0,4.0,0.0,0.0,0,0.0261018503396835,0.2775593067347281,0.0,0.0,-0.0115,0.0,0,0
8.0,16.0,4.0,0.0,0.0,0,0.0281126381655192,0.3326345932642894,0.0,0.0,-0.0146,0.0,0,0
8.0,-6.0,8.0,0.0,0.0,0,0.0044165783570894,-0.0242947473163681,-0.0385,0.0068,0.0011,0.014,0,0
8.0,-4.0,8.0,0.0,0.0,0,0.0056748851281941,-0.0026021988009388,-0.0351,0.0051,0.0008,0.0127,0,0
8.0,-2.0,8.0,0.0,0.0,0,0.0067035358145782,0.0188775496671469,-0.0304,0.0022,0.0006,0.0114,0,0
8.0,0.0,8.0,0.0,0.0,0,0.0079221445499325,0.0409,-0.0254,-0.0008,0.0004,0.0101,0,0
8.0,2.0,8.0,0.0,0.0,0,0.009349000603736,0.064265424175756,-0.021,-0.0031,0.0,0.0088,0,0
8.0,4.0,8.0,0.0,0.0,0,0.0112906732428153,0.089806361334174,-0.0174,-0.0047,-0.0007,0.0076,0,0
8.0,6.0,8.0,0.0,0.0,0,0.0137656235904558,0.1181863365977542,-0.0149,-0.0054,-0.0019,0.0064,0,0
8.0,8.0,8.0,0.0,0.0,0,0.0166650694524886,0.1503828449024555,-0.0135,-0.0056,-0.0036,0.0053,0,0
8.0,10.0,8.0,0.0,0.0,0,0.0197862874220513,0.1871795304106914,-0.0126,-0.0053,-0.0057,0.0044,0,0
8.0,12.0,8.0,0.0,0.0,0,0.0228798965132754,0.2295737348855612,-0.0118,-0.005,-0.0084,0.0036,0,0
8.0,14.0,8.0,0.0,0.0,0,0.0254442360252912,0.2782198359745594,0.0,0.0,-0.0116,0.0,0,0
8.0,16.0,8.0,0.0,0.0,0,0.0271226020646048,0.3340151840779962,0.0,0.0,-0.0152,0.0,0,0
9.0,-6.0,-8.0,0.0,0.0,0,0.0039824650860023,-0.0227408577536466,0.0358,-0.0064,0.001,-0.013,0,0
9.0,-4.0,-8.0,0.0,0.0,0,0.0051670059206969,-0.0027671728067223,0.0321,-0.0048,0.0009,-0.0114,0,0
9.0,-2.0,-8.0,0.0,0.0,0,0.0060608776246805,0.0174991384236399,0.0273,-0.0022,0.0008,-0.0099,0,0
9.0,0.0,-8.0,0.0,0.0,0,0.0071299300949393,0.0387,0.0224,0.0006,0.0007,-0.0085,0,0
9.0,2.0,-8.0,0.0,0.0,0,0.0086549873351508,0.0614394819743428,0.0181,0.003,0.0003,-0.0072,0,0
9.0,4.0,-8.0,0.0,0.0,0,0.010533013780674,0.0864453223597798,0.0148,0.0044,-0.0004,-0.0059,0,0
9.0,6.0,-8.0,0.0,0.0,0,0.0129496612799156,0.114581296524627,0.0126,0.0049,-0.0016,-0.0049,0,0
9.0,8.0,-8.0,0.0,0.0,0,0.01582104404898,0.1464268800921656,0.0114,0.0049,-0.0032,-0.0039,0,0
9.0,10.0,-8.0,0.0,0.0,0,0.0190701390785334,0.1826869197044308,0.0108,0.0048,-0.0054,-0.0031,0,0
9.0,12.0,-8.0,0.0,0.0,0,0.0222727867969753,0.2243329867573828,0.0103,0.0044,-0.0081,-0.0025,0,0
9.0,14.0,-8.0,0.0,0.0,0,0.0251420400343877,0.2720638696385159,0.0,0.0,-0.0114,0.0,0,0
9.0,16.0,-8.0,0.0,0.0,0,0.0272309412356848,0.3264520639536106,0.0,0.0,-0.0151,0.0,0,0
9.0,-6.0,-4.0,0.0,0.0,0,0.0034912267634487,-0.0211809641060761,0.0179,-0.0032,0.0009,-0.0065,0,0
9.0,-4.0,-4.0,0.0,0.0,0,0.0047068868912356,-0.0013315794925639,0.016,-0.0024,0.0007,-0.0057,0,0
9.0,-2.0,-4.0,0.0,0.0,0,0.0057405879800948,0.0186109936832178,0.0136,-0.0011,0.0007,-0.005,0,0
9.0,0.0,-4.0,0.0,0.0,0,0.0068831919467927,0.0395,0.0112,0.0003,0.0006,-0.0042,0,0
9.0,2.0,-4.0,0.0,0.0,0,0.0084179284317789,0.0619315084671716,0.009,0.0015,0.0002,-0.0036,0,0
9.0,4.0,-4.0,0.0,0.0,0,0.0104415817672464,0.0866394171901874,0.0074,0.0022,-0.0005,-0.003,0,0
9.0,6.0,-4.0,0.0,0.0,0,0.0129542730501054,0.1143806795852933,0.0063,0.0025,-0.0017,-0.0024,0,0
9.0,8.0,-4.0,0.0,0.0,0,0.0159421313062713,0.1460399667673697,0.0057,0.0025,-0.0034,-0.002,0,0
9.0,10.0,-4.0,0.0,0.0,0,0.0193095586848513,0.182322965195981,0.0054,0.0024,-0.0055,-0.0016,0,0
9.0,12.0,-4.0,0.0,0.0,0,0.0225563573936605,0.2239843253104589,0.0051,0.0022,-0.0082,-0.0012,0,0
9.0,14.0,-4.0,0.0,0.0,0,0.0255449653305198,0.2719582074720255,0.0,0.0,-0.0111,0.0,0,0
9.0,16.0,-4.0,0.0,0.0,0,0.0276556759298296,0.3269899744416729,0.0,0.0,-0.0143,0.0,0,0
9.0,-6.0,-2.0,0.0,0.0,0,0.0033446105229204,-0.0207633508064124,0.009,-0.0016,0.0008,-0.0032,0,0
9.0,-4.0,-2.0,0.0,0.0,0,0.0046368653659894,-0.0010259505411117,0.008,-0.0012,0.0007,-0.0029,0,0
9.0,-2.0,-2.0,0.0,0.0,0,0.0056604905126673,0.0189139736117044,0.0068,-0.0006,0.0007,-0.0025,0,0
9.0,0.0,-2.0,0.0,0.0,0,0.0067958576237298,0.0397,0.0056,0.0002,0.0006,-0.0021,0,0
9.0,2.0,-2.0,0.0,0.0,0,0.0083339123173197,0.0620286355142348,0.0045,0.0007,0.0002,-0.0018,0,0
9.0,4.0,-2.0,0.0,0.0,0,0.0103719545237048,0.0866345483790222,0.0037,0.0011,-0.0005,-0.0015,0,0
9.0,6.0,-2.0,0.0,0.0,0,0.0129995106102831,0.114385434244461,0.0031,0.0012,-0.0017,-0.0012,0,0
9.0,8.0,-2.0,0.0,0.0,0,0.0160215343690694,0.1459501433828414,0.0029,0.0012,-0.0034,-0.001,0,0
9.0,10.0,-2.0,0.0,0.0,0,0.0193198931340543,0.1822232447770177,0.0027,0.0012,-0.0056,-0.0008,0,0
9.0,12.0,-2.0,0.0,0.0,0,0.0226792931761866,0.2240104561176989,0.0026,0.0011,-0.0082,-0.0006,0,0
9.0,14.0,-2.0,0.0,0.0,0,0.0256089391080464,0.2719741579262106,0.0,0.0,-0.011,0.0,0,0
9.0,16.0,-2.0,0.0,0.0,0,0.0277374978136283,0.3271174664328925,0.0,0.0,-0.0141,0.0,0,0
9.0,-6.0,0.0,0.0,0.0,0,0.0033583954665189,-0.0206642488344112,0.0,0.0,0.0008,0.0,0,0
9.0,-4.0,0.0,0.0,0.0,0,0.0045469407469487,-0.0009194182093788,0.0,0.0,0.0007,0.0,0,0
9.0,-2.0,0.0,0.0,0.0,0,0.0055670853890815,0.0190172963449243,0.0,0.0,0.0007,0.0,0,0
9.0,0.0,0.0,0.0,0.0,0,0.0068,0.0398,0.0,0.0,0.0006,0.0,0,0
9.0,2.0,0.0,0.0,0.0,0,0.0083368147874859,0.0621287978251563,0.0,0.0,0.0002,0.0,0,0
9.0,4.0,0.0,0.0,0.0,0,0.0103749449770151,0.0867350016816965,0.0,0.0,-0.0005,0.0,0,0
9.0,6.0,0.0,0.0,0.0,0,0.0129151437338489,0.1143765669284317,0.0,0.0,-0.0017,0.0,0,0
9.0,8.0,0.0,0.0,0.0,0,0.0160433718218275,0.1459532124366798,0.0,0.0,-0.0034,0.0,0,0
9.0,10.0,0.0,0.0,0.0,0,0.0193676738083392,0.1821301271378619,0.0,0.0,-0.0056,0.0,0,0
9.0,12.0,0.0,0.0,0.0,0,0.02274107958824,0.2239213551655164,0.0,0.0,-0.0082,0.0,0,0
9.0,14.0,0.0,0.0,0.0,0,0.0256625498771985,0.2719875245922141,0.0,0.0,-0.011,0.0,0,0
9.0,16.0,0.0,0.0,0.0,0,0.0278059514905341,0.3271370952088834,0.0,0.0,-0.014,0.0,0,0
9.0,-6.0,2.0,0.0,0.0,0,0.0033446105229204,-0.0207633508064124,-0.009,0.0016,0.0008,0.0032,0,0
9.0,-4.0,2.0,0.0,0.0,0,0.0046368653659894,-0.0010259505411117,-0.008,0.0012,0.0007,0.0029,0,0
9.0,-2.0,2.0,0.0,0.0,0,0.0056604905126673,0.0189139736117044,-0.0068,0.0006,0.0007,0.0025,0,0
9.0,0.0,2.0,0.0,0.0,0,0.0067958576237298,0.0397,-0.0056,-0.0002,0.0006,0.0021,0,0
9.0,2.0,2.0,0.0,0.0,0,0.0083339123173197,0.0620286355142348,-0.0045,-0.0007,0.0002,0.0018,0,0
9.0,4.0,2.0,0.0,0.0,0,0.0103719545237048,0.0866345483790222,-0.0037,-0.0011,-0.0005,0.0015,0,0
9.0,6.0,2.0,0.0,0.0,0,0.0129995106102831,0.114385434244461,-0.0031,-0.0012,-0.0017,0.0012,0,0
9.0,8.0,2.0,0.0,0.0,0,0.0160215343690694,0.1459501433828414,-0.0029,-0.0012,-0.0034,0.001,0,0
9.0,10.0,2.0,0.0,0.0,0,0.0193198931340543,0.1822232447770177,-0.0027,-0.0012,-0.0056,0.0008,0,0
9.0,12.0,2.0,0.0,0.0,0,0.0226792931761866,0.2240104561176989,-0.0026,-0.0011,-0.0082,0.0006,0,0
9.0,14.0,2.0,0.0,0.0,0,0.0256089391080464,0.2719741579262106,0.0,0.0,-0.011,0.0,0,0
9.0,16.0,2.0,0.0,0.0,0,0.0277374978136283,0.3271174664328925,0.0,0.0,-0.0141,0.0,0,0
9.0,-6.0,4.0,0.0,0.0,0,0.0034912267634487,-0.0211809641060761,-0.0179,0.0032,0.0009,0.0065,0,0
9.0,-4.0,4.0,0.0,0.0,0,0.0047068868912356,-0.0013315794925639,-0.016,0.0024,0.0007,0.0057,0,0
9.0,-2.0,4.0,0.0,0.0,0,0.0057405879800948,0.0186109936832178,-0.0136,0.0011,0.0007,0.005,0,0
9.0,0.0,4.0,0.0,0.0,0,0.0068831919467927,0.0395,-0.0112,-0.0003,0.0006,0.0042,0,0
9.0,2.0,4.0,0.0,0.0,0,0.0084179284317789,0.0619315084671716,-0.009,-0.0015,0.0002,0.0036,0,0
9.0,4.0,4.0,0.0,0.0,0,0.0104415817672464,0.0866394171901874,-0.0074,-0.0022,-0.0005,0.003,0,0
9.0,6.0,4.0,0.0,0.0,0,0.0129542730501054,0.1143806795852933,-0.0063,-0.0025,-0.0017,0.0024,0,0
9.0,8.0,4.0,0.0,0.0,0,0.0159421313062713,0.1460399667673697,-0.0057,-0.0025,-0.0034,0.002,0,0
9.0,10.0,4.0,0.0,0.0,0,0.0193095586848513,0.182322965195981,-0.0054,-0.0024,-0.0055,0.0016,0,0
9.0,12.0,4.0,0.0,0.0,0,0.0225563573936605,0.2239843253104589,-0.0051,-0.0022,-0.0082,0.0012,0,0
9.0,14.0,4.0,0.0,0.0,0,0.0255449653305198,0.2719582074720255,0.0,0.0,-0.0111,0.0,0,0
9.0,16.0,4.0,0.0,0.0,0,0.0276556759298296,0.3269899744416729,0.0,0.0,-0.0143,0.0,0,0
9.0,-6.0,8.0,0.0,0.0,0,0.0039824650860023,-0.0227408577536466,-0.0358,0.0064,0.001,0.013,0,0
9.0,-4.0,8.0,0.0,0.0,0,0.0051670059206969,-0.0027671728067223,-0.0321,0.0048,0.0009,0.0114,0,0
9.0,-2.0,8.0,0.0,0.0,0,0.0060608776246805,0.0174991384236399,-0.0273,0.0022,0.0008,0.0099,0,0
9.0,0.0,8.0,0.0,0.0,0,0.0071299300949393,0.0387,-0.0224,-0.0006,0.0007,0.0085,0,0
9.0,2.0,8.0,0.0,0.0,0,0.0086549873351508,0.0614394819743428,-0.0181,-0.003,0.0003,0.0072,0,0
9.0,4.0,8.0,0.0,0.0,0,0.010533013780674,0.0864453223597798,-0.0148,-0.0044,-0.0004,0.0059,0,0
9.0,6.0,8.0,0.0,0.0,0,0.0129496612799156,0.114581296524627,-0.0126,-0.0049,-0.0016,0.0049,0,0
9.0,8.0,8.0,0.0,0.0,0,0.01582104404898,0.1464268800921656,-0.0114,-0.0049,-0.0032,0.0039,0,0
9.0,10.0,8.0,0.0,0.0,0,0.0190701390785334,0.1826869197044308,-0.0108,-0.0048,-0.0054,0.0031,0,0
9.0,12.0,8.0,0.0,0.0,0,0.0222727867969753,0.2243329867573828,-0.0103,-0.0044,-0.0081,0.0025,0,0
9.0,14.0,8.0,0.0,0.0,0,0.0251420400343877,0.2720638696385159,0.0,0.0,-0.0114,0.0,0,0
9.0,16.0,8.0,0.0,0.0,0,0.0272309412356848,0.3264520639536106,0.0,0.0,-0.0151,0.0,0,0
